CREATE DATABASE  IF NOT EXISTS `jobsdb` /*!40100 DEFAULT CHARACTER SET utf8mb4 COLLATE utf8mb4_0900_ai_ci */ /*!80016 DEFAULT ENCRYPTION='N' */;
USE `jobsdb`;
-- MySQL dump 10.13  Distrib 8.0.27, for Win64 (x86_64)
--
-- Host: localhost    Database: jobsdb
-- ------------------------------------------------------
-- Server version	8.0.27

/*!40101 SET @OLD_CHARACTER_SET_CLIENT=@@CHARACTER_SET_CLIENT */;
/*!40101 SET @OLD_CHARACTER_SET_RESULTS=@@CHARACTER_SET_RESULTS */;
/*!40101 SET @OLD_COLLATION_CONNECTION=@@COLLATION_CONNECTION */;
/*!50503 SET NAMES utf8 */;
/*!40103 SET @OLD_TIME_ZONE=@@TIME_ZONE */;
/*!40103 SET TIME_ZONE='+00:00' */;
/*!40014 SET @OLD_UNIQUE_CHECKS=@@UNIQUE_CHECKS, UNIQUE_CHECKS=0 */;
/*!40014 SET @OLD_FOREIGN_KEY_CHECKS=@@FOREIGN_KEY_CHECKS, FOREIGN_KEY_CHECKS=0 */;
/*!40101 SET @OLD_SQL_MODE=@@SQL_MODE, SQL_MODE='NO_AUTO_VALUE_ON_ZERO' */;
/*!40111 SET @OLD_SQL_NOTES=@@SQL_NOTES, SQL_NOTES=0 */;

--
-- Table structure for table `clusters`
--

DROP TABLE IF EXISTS `clusters`;
/*!40101 SET @saved_cs_client     = @@character_set_client */;
/*!50503 SET character_set_client = utf8mb4 */;
CREATE TABLE `clusters` (
  `id` int NOT NULL AUTO_INCREMENT,
  `sscMinPercent` float DEFAULT NULL,
  `hscMinPercent` float DEFAULT NULL,
  `otherPercent` float DEFAULT NULL,
  `agelimit` int DEFAULT NULL,
  `minexperience` int DEFAULT NULL,
  `cluster` int DEFAULT NULL,
  `jobid` int DEFAULT NULL,
  `userid` varchar(200) DEFAULT NULL,
  `utype` varchar(200) DEFAULT NULL,
  PRIMARY KEY (`id`)
) ENGINE=InnoDB AUTO_INCREMENT=6873 DEFAULT CHARSET=utf8mb4 COLLATE=utf8mb4_0900_ai_ci;
/*!40101 SET character_set_client = @saved_cs_client */;

--
-- Dumping data for table `clusters`
--

LOCK TABLES `clusters` WRITE;
/*!40000 ALTER TABLE `clusters` DISABLE KEYS */;
INSERT INTO `clusters` VALUES (6361,60,66,61,29,1,0,1004,'TCS','company'),(6362,61,67,62,28,2,0,1004,'TCS','company'),(6363,62,68,63,27,3,0,1004,'TCS','company'),(6364,63,69,64,26,4,0,1004,'TCS','company'),(6365,64,70,65,25,5,0,1004,'TCS','company'),(6366,65,71,66,24,6,0,1004,'TCS','company'),(6367,66,72,67,23,7,0,1004,'TCS','company'),(6368,67,73,68,22,8,0,1004,'TCS','company'),(6369,68,74,69,21,9,0,1004,'TCS','company'),(6370,69,75,70,21,10,0,1004,'TCS','company'),(6371,70,76,71,21,11,0,1004,'TCS','company'),(6372,71,77,72,21,12,0,1004,'TCS','company'),(6373,72,78,73,21,13,0,1004,'TCS','company'),(6374,73,79,74,21,14,0,1004,'TCS','company'),(6375,74,80,75,21,15,0,1004,'TCS','company'),(6376,75,81,76,21,16,0,1004,'TCS','company'),(6377,76,82,77,21,17,0,1004,'TCS','company'),(6378,77,83,78,21,18,0,1004,'TCS','company'),(6379,78,84,79,21,19,0,1004,'TCS','company'),(6380,79,85,80,21,20,0,1004,'TCS','company'),(6381,80,86,81,21,21,0,1004,'TCS','company'),(6382,81,87,82,21,22,0,1004,'TCS','company'),(6383,82,88,83,21,23,0,1004,'TCS','company'),(6384,83,89,84,21,24,0,1004,'TCS','company'),(6385,84,90,85,21,25,0,1004,'TCS','company'),(6386,85,91,86,21,26,0,1004,'TCS','company'),(6387,86,92,87,21,27,0,1004,'TCS','company'),(6388,87,93,88,21,28,0,1004,'TCS','company'),(6389,88,94,89,21,29,0,1004,'TCS','company'),(6390,89,95,90,21,30,0,1004,'TCS','company'),(6391,90,96,91,21,31,0,1004,'TCS','company'),(6392,91,97,92,21,32,0,1004,'TCS','company'),(6393,92,98,93,21,33,0,1004,'TCS','company'),(6394,93,99,94,21,34,0,1004,'TCS','company'),(6395,94,100,95,21,35,0,1004,'TCS','company'),(6396,95,101,96,21,36,0,1004,'TCS','company'),(6397,96,102,97,21,37,0,1004,'TCS','company'),(6398,97,103,98,21,38,0,1004,'TCS','company'),(6399,98,104,99,21,39,0,1004,'TCS','company'),(6400,99,105,100,21,40,0,1004,'TCS','company'),(6401,70,71,71,49,21,0,1005,'syntel','company'),(6402,71,72,72,48,22,0,1005,'syntel','company'),(6403,72,73,73,47,23,0,1005,'syntel','company'),(6404,73,74,74,46,24,0,1005,'syntel','company'),(6405,74,75,75,45,25,0,1005,'syntel','company'),(6406,75,76,76,44,26,0,1005,'syntel','company'),(6407,76,77,77,43,27,0,1005,'syntel','company'),(6408,77,78,78,42,28,0,1005,'syntel','company'),(6409,78,79,79,41,29,0,1005,'syntel','company'),(6410,79,80,80,40,30,0,1005,'syntel','company'),(6411,80,81,81,39,31,0,1005,'syntel','company'),(6412,81,82,82,38,32,0,1005,'syntel','company'),(6413,82,83,83,37,33,0,1005,'syntel','company'),(6414,83,84,84,36,34,0,1005,'syntel','company'),(6415,84,85,85,35,35,0,1005,'syntel','company'),(6416,85,86,86,34,36,0,1005,'syntel','company'),(6417,86,87,87,33,37,0,1005,'syntel','company'),(6418,87,88,88,32,38,0,1005,'syntel','company'),(6419,88,89,89,31,39,0,1005,'syntel','company'),(6420,89,90,90,30,40,0,1005,'syntel','company'),(6421,90,91,91,29,41,0,1005,'syntel','company'),(6422,91,92,92,28,42,0,1005,'syntel','company'),(6423,92,93,93,27,43,0,1005,'syntel','company'),(6424,93,94,94,26,44,0,1005,'syntel','company'),(6425,94,95,95,25,45,0,1005,'syntel','company'),(6426,95,96,96,24,46,0,1005,'syntel','company'),(6427,96,97,97,23,47,0,1005,'syntel','company'),(6428,97,98,98,22,48,0,1005,'syntel','company'),(6429,98,99,99,21,49,0,1005,'syntel','company'),(6430,99,100,100,21,50,0,1005,'syntel','company'),(6431,60,61,61,24,1,0,1006,'JSW','company'),(6432,61,62,62,23,2,0,1006,'JSW','company'),(6433,62,63,63,22,3,0,1006,'JSW','company'),(6434,63,64,64,21,4,0,1006,'JSW','company'),(6435,64,65,65,21,5,0,1006,'JSW','company'),(6436,65,66,66,21,6,0,1006,'JSW','company'),(6437,66,67,67,21,7,0,1006,'JSW','company'),(6438,67,68,68,21,8,0,1006,'JSW','company'),(6439,68,69,69,21,9,0,1006,'JSW','company'),(6440,69,70,70,21,10,0,1006,'JSW','company'),(6441,70,71,71,21,11,0,1006,'JSW','company'),(6442,71,72,72,21,12,0,1006,'JSW','company'),(6443,72,73,73,21,13,0,1006,'JSW','company'),(6444,73,74,74,21,14,0,1006,'JSW','company'),(6445,74,75,75,21,15,0,1006,'JSW','company'),(6446,75,76,76,21,16,0,1006,'JSW','company'),(6447,76,77,77,21,17,0,1006,'JSW','company'),(6448,77,78,78,21,18,0,1006,'JSW','company'),(6449,78,79,79,21,19,0,1006,'JSW','company'),(6450,79,80,80,21,20,0,1006,'JSW','company'),(6451,80,81,81,21,21,0,1006,'JSW','company'),(6452,81,82,82,21,22,0,1006,'JSW','company'),(6453,82,83,83,21,23,0,1006,'JSW','company'),(6454,83,84,84,21,24,0,1006,'JSW','company'),(6455,84,85,85,21,25,0,1006,'JSW','company'),(6456,85,86,86,21,26,0,1006,'JSW','company'),(6457,86,87,87,21,27,0,1006,'JSW','company'),(6458,87,88,88,21,28,0,1006,'JSW','company'),(6459,88,89,89,21,29,0,1006,'JSW','company'),(6460,89,90,90,21,30,0,1006,'JSW','company'),(6461,90,91,91,21,31,0,1006,'JSW','company'),(6462,91,92,92,21,32,0,1006,'JSW','company'),(6463,92,93,93,21,33,0,1006,'JSW','company'),(6464,93,94,94,21,34,0,1006,'JSW','company'),(6465,94,95,95,21,35,0,1006,'JSW','company'),(6466,95,96,96,21,36,0,1006,'JSW','company'),(6467,96,97,97,21,37,0,1006,'JSW','company'),(6468,97,98,98,21,38,0,1006,'JSW','company'),(6469,98,99,99,21,39,0,1006,'JSW','company'),(6470,99,100,100,21,40,0,1006,'JSW','company'),(6471,60,61,61,24,1,0,1007,'JSW','company'),(6472,61,62,62,23,2,0,1007,'JSW','company'),(6473,62,63,63,22,3,0,1007,'JSW','company'),(6474,63,64,64,21,4,0,1007,'JSW','company'),(6475,64,65,65,21,5,0,1007,'JSW','company'),(6476,65,66,66,21,6,0,1007,'JSW','company'),(6477,66,67,67,21,7,0,1007,'JSW','company'),(6478,67,68,68,21,8,0,1007,'JSW','company'),(6479,68,69,69,21,9,0,1007,'JSW','company'),(6480,69,70,70,21,10,0,1007,'JSW','company'),(6481,70,71,71,21,11,0,1007,'JSW','company'),(6482,71,72,72,21,12,0,1007,'JSW','company'),(6483,72,73,73,21,13,0,1007,'JSW','company'),(6484,73,74,74,21,14,0,1007,'JSW','company'),(6485,74,75,75,21,15,0,1007,'JSW','company'),(6486,75,76,76,21,16,0,1007,'JSW','company'),(6487,76,77,77,21,17,0,1007,'JSW','company'),(6488,77,78,78,21,18,0,1007,'JSW','company'),(6489,78,79,79,21,19,0,1007,'JSW','company'),(6490,79,80,80,21,20,0,1007,'JSW','company'),(6491,80,81,81,21,21,0,1007,'JSW','company'),(6492,81,82,82,21,22,0,1007,'JSW','company'),(6493,82,83,83,21,23,0,1007,'JSW','company'),(6494,83,84,84,21,24,0,1007,'JSW','company'),(6495,84,85,85,21,25,0,1007,'JSW','company'),(6496,85,86,86,21,26,0,1007,'JSW','company'),(6497,86,87,87,21,27,0,1007,'JSW','company'),(6498,87,88,88,21,28,0,1008,'JSW','company'),(6499,60,61,61,24,1,0,1008,'JSW','company'),(6500,88,89,89,21,29,0,1008,'JSW','company'),(6501,61,62,62,23,2,0,1008,'JSW','company'),(6502,89,90,90,21,30,0,1008,'JSW','company'),(6503,90,91,91,21,31,0,1008,'JSW','company'),(6504,91,92,92,21,32,0,1008,'JSW','company'),(6505,63,64,64,21,4,0,1008,'JSW','company'),(6506,92,93,93,21,33,0,1008,'JSW','company'),(6507,64,65,65,21,5,0,1008,'JSW','company'),(6508,93,94,94,21,34,0,1008,'JSW','company'),(6509,65,66,66,21,6,0,1008,'JSW','company'),(6510,94,95,95,21,35,0,1008,'JSW','company'),(6511,66,67,67,21,7,0,1008,'JSW','company'),(6512,95,96,96,21,36,0,1008,'JSW','company'),(6513,67,68,68,21,8,0,1008,'JSW','company'),(6514,68,69,69,21,9,0,1008,'JSW','company'),(6515,69,70,70,21,10,0,1008,'JSW','company'),(6516,97,98,98,21,38,0,1008,'JSW','company'),(6517,98,99,99,21,39,0,1008,'JSW','company'),(6518,71,72,72,21,12,0,1008,'JSW','company'),(6519,99,100,100,21,40,0,1008,'JSW','company'),(6520,72,73,73,21,13,0,1008,'JSW','company'),(6521,73,74,74,21,14,0,1008,'JSW','company'),(6522,74,75,75,21,15,0,1008,'JSW','company'),(6523,75,76,76,21,16,0,1008,'JSW','company'),(6524,76,77,77,21,17,0,1008,'JSW','company'),(6525,77,78,78,21,18,0,1008,'JSW','company'),(6526,78,79,79,21,19,0,1008,'JSW','company'),(6527,79,80,80,21,20,0,1008,'JSW','company'),(6528,80,81,81,21,21,0,1008,'JSW','company'),(6529,81,82,82,21,22,0,1008,'JSW','company'),(6530,82,83,83,21,23,0,1008,'JSW','company'),(6531,83,84,84,21,24,0,1008,'JSW','company'),(6532,84,85,85,21,25,0,1008,'JSW','company'),(6533,85,86,86,21,26,0,1008,'JSW','company'),(6534,86,87,87,21,27,0,1008,'JSW','company'),(6535,87,88,88,21,28,0,1008,'JSW','company'),(6536,88,89,89,21,29,0,1008,'JSW','company'),(6537,89,90,90,21,30,0,1008,'JSW','company'),(6538,90,91,91,21,31,0,1008,'JSW','company'),(6539,91,92,92,21,32,0,1008,'JSW','company'),(6540,92,93,93,21,33,0,1008,'JSW','company'),(6541,93,94,94,21,34,0,1008,'JSW','company'),(6542,94,95,95,21,35,0,1008,'JSW','company'),(6543,95,96,96,21,36,0,1008,'JSW','company'),(6544,96,97,97,21,37,0,1008,'JSW','company'),(6545,97,98,98,21,38,0,1008,'JSW','company'),(6546,98,99,99,21,39,0,1008,'JSW','company'),(6547,99,100,100,21,40,0,1008,'JSW','company'),(6548,60,61,61,22,1,0,1007,'Atos Syntel','company'),(6549,61,62,62,21,2,0,1007,'Atos Syntel','company'),(6550,62,63,63,21,3,0,1007,'Atos Syntel','company'),(6551,63,64,64,21,4,0,1007,'Atos Syntel','company'),(6552,64,65,65,21,5,0,1007,'Atos Syntel','company'),(6553,65,66,66,21,6,0,1007,'Atos Syntel','company'),(6554,66,67,67,21,7,0,1007,'Atos Syntel','company'),(6555,67,68,68,21,8,0,1007,'Atos Syntel','company'),(6556,68,69,69,21,9,0,1007,'Atos Syntel','company'),(6557,69,70,70,21,10,0,1007,'Atos Syntel','company'),(6558,70,71,71,21,11,0,1007,'Atos Syntel','company'),(6559,71,72,72,21,12,0,1007,'Atos Syntel','company'),(6560,72,73,73,21,13,0,1007,'Atos Syntel','company'),(6561,73,74,74,21,14,0,1007,'Atos Syntel','company'),(6562,74,75,75,21,15,0,1007,'Atos Syntel','company'),(6563,75,76,76,21,16,0,1007,'Atos Syntel','company'),(6564,76,77,77,21,17,0,1007,'Atos Syntel','company'),(6565,77,78,78,21,18,0,1007,'Atos Syntel','company'),(6566,78,79,79,21,19,0,1007,'Atos Syntel','company'),(6567,79,80,80,21,20,0,1007,'Atos Syntel','company'),(6568,80,81,81,21,21,0,1007,'Atos Syntel','company'),(6569,81,82,82,21,22,0,1007,'Atos Syntel','company'),(6570,82,83,83,21,23,0,1007,'Atos Syntel','company'),(6571,83,84,84,21,24,0,1007,'Atos Syntel','company'),(6572,84,85,85,21,25,0,1007,'Atos Syntel','company'),(6573,85,86,86,21,26,0,1007,'Atos Syntel','company'),(6574,86,87,87,21,27,0,1007,'Atos Syntel','company'),(6575,87,88,88,21,28,0,1007,'Atos Syntel','company'),(6576,88,89,89,21,29,0,1007,'Atos Syntel','company'),(6577,89,90,90,21,30,0,1007,'Atos Syntel','company'),(6578,90,91,91,21,31,0,1007,'Atos Syntel','company'),(6579,91,92,92,21,32,0,1007,'Atos Syntel','company'),(6580,92,93,93,21,33,0,1007,'Atos Syntel','company'),(6581,93,94,94,21,34,0,1007,'Atos Syntel','company'),(6582,94,95,95,21,35,0,1007,'Atos Syntel','company'),(6583,95,96,96,21,36,0,1007,'Atos Syntel','company'),(6584,96,97,97,21,37,0,1007,'Atos Syntel','company'),(6585,97,98,98,21,38,0,1007,'Atos Syntel','company'),(6586,98,99,99,21,39,0,1007,'Atos Syntel','company'),(6587,99,100,100,21,40,0,1007,'Atos Syntel','company'),(6588,65,66,66,23,1,0,1008,'IBM','company'),(6589,66,67,67,22,2,0,1008,'IBM','company'),(6590,67,68,68,21,3,0,1008,'IBM','company'),(6591,68,69,69,21,4,0,1008,'IBM','company'),(6592,69,70,70,21,5,0,1008,'IBM','company'),(6593,70,71,71,21,6,0,1008,'IBM','company'),(6594,71,72,72,21,7,0,1008,'IBM','company'),(6595,72,73,73,21,8,0,1008,'IBM','company'),(6596,73,74,74,21,9,0,1008,'IBM','company'),(6597,74,75,75,21,10,0,1008,'IBM','company'),(6598,75,76,76,21,11,0,1008,'IBM','company'),(6599,76,77,77,21,12,0,1008,'IBM','company'),(6600,77,78,78,21,13,0,1008,'IBM','company'),(6601,78,79,79,21,14,0,1008,'IBM','company'),(6602,79,80,80,21,15,0,1008,'IBM','company'),(6603,80,81,81,21,16,0,1008,'IBM','company'),(6604,81,82,82,21,17,0,1008,'IBM','company'),(6605,82,83,83,21,18,0,1008,'IBM','company'),(6606,83,84,84,21,19,0,1008,'IBM','company'),(6607,84,85,85,21,20,0,1008,'IBM','company'),(6608,85,86,86,21,21,0,1008,'IBM','company'),(6609,86,87,87,21,22,0,1008,'IBM','company'),(6610,87,88,88,21,23,0,1008,'IBM','company'),(6611,88,89,89,21,24,0,1008,'IBM','company'),(6612,89,90,90,21,25,0,1008,'IBM','company'),(6613,90,91,91,21,26,0,1008,'IBM','company'),(6614,91,92,92,21,27,0,1008,'IBM','company'),(6615,92,93,93,21,28,0,1008,'IBM','company'),(6616,93,94,94,21,29,0,1008,'IBM','company'),(6617,94,95,95,21,30,0,1008,'IBM','company'),(6618,95,96,96,21,31,0,1008,'IBM','company'),(6619,96,97,97,21,32,0,1008,'IBM','company'),(6620,97,98,98,21,33,0,1008,'IBM','company'),(6621,98,99,99,21,34,0,1008,'IBM','company'),(6622,99,100,100,21,35,0,1008,'IBM','company'),(6872,72.8,77.69,NULL,0,0,0,0,'vaibhav','user');
/*!40000 ALTER TABLE `clusters` ENABLE KEYS */;
UNLOCK TABLES;

--
-- Table structure for table `edudetails`
--

DROP TABLE IF EXISTS `edudetails`;
/*!40101 SET @saved_cs_client     = @@character_set_client */;
/*!50503 SET character_set_client = utf8mb4 */;
CREATE TABLE `edudetails` (
  `eduId` int NOT NULL,
  `course` varchar(200) DEFAULT NULL,
  `passingYr` int DEFAULT NULL,
  `percent` double DEFAULT NULL,
  `university` varchar(800) DEFAULT NULL,
  `userid` varchar(200) DEFAULT NULL,
  `fpath` varchar(200) DEFAULT NULL,
  PRIMARY KEY (`eduId`)
) ENGINE=InnoDB DEFAULT CHARSET=utf8mb4 COLLATE=utf8mb4_0900_ai_ci;
/*!40101 SET character_set_client = @saved_cs_client */;

--
-- Dumping data for table `edudetails`
--

LOCK TABLES `edudetails` WRITE;
/*!40000 ALTER TABLE `edudetails` DISABLE KEYS */;
INSERT INTO `edudetails` VALUES (1001,'MCA',2011,67,'SGBAU','suresh','1001.pdf'),(1002,'SSC',2003,60,'State Board','suresh','1002.pdf'),(1003,'HSC',2005,78,'State Board','suresh','1003.pdf'),(1004,'SSC',2007,76,'State Board','santosh','1004.pdf'),(1005,'HSC',2009,88,'State BOard','santosh','1005.pdf'),(1006,'MCA',2019,76,'SGBAU','santosh','1006.pdf'),(1007,'BE(CSE)',2022,67,'SGBAU','shreyas','1007.pdf'),(1008,'SSC',2018,79,'Maharashtra Education Board','shreyas','1008.pdf'),(1009,'HSC',2020,88,'SGBAU','shreyas','1009.pdf'),(1010,'SSC',2016,70,'Maharashtra Education Board','rahul','1010.pdf'),(1011,'HSC',2018,67,'Maharashtra Board','rahul','1011.pdf'),(1012,'BE(IT)',2022,70,'SGBAU','rahul','1012.pdf'),(1013,'Java Certification',2022,70,'NA','rahul','1013.pdf'),(1014,'BE(IT)',2022,67,'SGBAU','santosh','1014.pdf'),(1015,'Phd',2022,67,'SGBAU','santosh','1015.pdf'),(1016,'Java Certification',2022,70,'NA','santosh','1016.pdf'),(1017,'PHP Certification',2022,66,'NA','santosh','1017.pdf'),(1018,'SSC',2016,72.8,'State Board','vaibhav',NULL),(1019,'HSC',2018,77.69,'State Board','vaibhav',NULL);
/*!40000 ALTER TABLE `edudetails` ENABLE KEYS */;
UNLOCK TABLES;

--
-- Table structure for table `jobs`
--

DROP TABLE IF EXISTS `jobs`;
/*!40101 SET @saved_cs_client     = @@character_set_client */;
/*!50503 SET character_set_client = utf8mb4 */;
CREATE TABLE `jobs` (
  `jobid` int NOT NULL,
  `company` varchar(200) DEFAULT NULL,
  `sscMinPercent` double DEFAULT NULL,
  `hscMinPercent` double DEFAULT NULL,
  `otherPercent` double DEFAULT NULL,
  `agelimit` int DEFAULT NULL,
  `minexperience` double DEFAULT NULL,
  `prevdesig` varchar(200) DEFAULT NULL,
  `salary` double DEFAULT NULL,
  `workingCity` varchar(200) DEFAULT NULL,
  `bond` varchar(200) DEFAULT NULL,
  `designation` varchar(200) DEFAULT NULL,
  `requiredCourses` text,
  `interviewDt` varchar(200) DEFAULT NULL,
  `interviewTime` varchar(200) DEFAULT NULL,
  `contactNo` varchar(200) DEFAULT NULL,
  `contactPersonName` varchar(200) DEFAULT NULL,
  PRIMARY KEY (`jobid`)
) ENGINE=InnoDB DEFAULT CHARSET=utf8mb4 COLLATE=utf8mb4_0900_ai_ci;
/*!40101 SET character_set_client = @saved_cs_client */;

--
-- Dumping data for table `jobs`
--

LOCK TABLES `jobs` WRITE;
/*!40000 ALTER TABLE `jobs` DISABLE KEYS */;
INSERT INTO `jobs` VALUES (1004,'TCS',60,65,60,30,0,'NA',4,'Nagpur','NA','Developer','SSC,HSC,BCA,MCA,BE(IT),BE(CSE)','2022-05-03','2022-05-03','9889876765','Mohan'),(1005,'syntel',70,70,70,50,20,'Analyst',10,'Nagpur','0','Analyst','SSC,HSC,BCA,MCA,MBA(Computer),MSCIT,TALLY,ITI in computers,Phd,BE(IT),BE(CSE)','2022-05-13','2022-05-13','9889876765','Sachin Patil'),(1006,'JSW',60,60,60,25,0,'Developer',4.25,'Bangalore','1','Nagpur, Pune','SSC,HSC,BE(IT),BE(CSE),Java Certification,PHP Certification,Python Certification','2022-05-20','2022-05-20','5697854454','Sam sam'),(1007,'Atos Syntel',60,60,60,23,0,'NA ',6.75,'Hyderabad','0','System Engineer','SSC,HSC,BE(IT),BE(CSE),Java Certification','2022-05-27','2022-05-27','5465489655','sam2 sam3'),(1008,'IBM',65,65,65,24,0,'NA',4.25,'Bangalore','1','Associate System Engineer','SSC,HSC,BE(IT),BE(CSE)','2022-06-01','2022-06-01','6548898777','abc xyz');
/*!40000 ALTER TABLE `jobs` ENABLE KEYS */;
UNLOCK TABLES;

--
-- Table structure for table `jobs1`
--

DROP TABLE IF EXISTS `jobs1`;
/*!40101 SET @saved_cs_client     = @@character_set_client */;
/*!50503 SET character_set_client = utf8mb4 */;
CREATE TABLE `jobs1` (
  `jobid` int NOT NULL,
  `company` varchar(200) DEFAULT NULL,
  `sscMinPercent` double DEFAULT NULL,
  `hscMinPercent` double DEFAULT NULL,
  `otherPercent` double DEFAULT NULL,
  `agelimit` int DEFAULT NULL,
  `minexperience` double DEFAULT NULL,
  `prevdesig` varchar(200) DEFAULT NULL,
  `salary` double DEFAULT NULL,
  `workingCity` varchar(200) DEFAULT NULL,
  `bond` varchar(200) DEFAULT NULL,
  `designation` varchar(200) DEFAULT NULL,
  `requiredCourses` text,
  `interviewDt` varchar(200) DEFAULT NULL,
  `interviewTime` varchar(200) DEFAULT NULL,
  `contactNo` varchar(200) DEFAULT NULL,
  `contactPersonName` varchar(200) DEFAULT NULL,
  `jobid1` int DEFAULT NULL,
  PRIMARY KEY (`jobid`)
) ENGINE=InnoDB DEFAULT CHARSET=utf8mb4 COLLATE=utf8mb4_0900_ai_ci;
/*!40101 SET character_set_client = @saved_cs_client */;

--
-- Dumping data for table `jobs1`
--

LOCK TABLES `jobs1` WRITE;
/*!40000 ALTER TABLE `jobs1` DISABLE KEYS */;
INSERT INTO `jobs1` VALUES (1001,'TCS',60,66,61,29,1,'NA',4,'Hyderabad','NA','Developer','SSC,HSC,BCA,MCA,BE(IT),BE(CSE)','2022-05-03','2022-05-03','9889876765','Mohan',1004),(1002,'TCS',61,67,62,28,2,'NA',4,'Hyderabad','NA','Developer','SSC,HSC,BCA,MCA,BE(IT),BE(CSE)','2022-05-03','2022-05-03','9889876765','Mohan',1004),(1003,'TCS',62,68,63,27,3,'NA',4,'Hyderabad','NA','Developer','SSC,HSC,BCA,MCA,BE(IT),BE(CSE)','2022-05-03','2022-05-03','9889876765','Mohan',1004),(1004,'TCS',63,69,64,26,4,'NA',4,'Hyderabad','NA','Developer','SSC,HSC,BCA,MCA,BE(IT),BE(CSE)','2022-05-03','2022-05-03','9889876765','Mohan',1004),(1005,'TCS',64,70,65,25,5,'NA',4,'Hyderabad','NA','Developer','SSC,HSC,BCA,MCA,BE(IT),BE(CSE)','2022-05-03','2022-05-03','9889876765','Mohan',1004),(1006,'TCS',65,71,66,24,6,'NA',4,'Hyderabad','NA','Developer','SSC,HSC,BCA,MCA,BE(IT),BE(CSE)','2022-05-03','2022-05-03','9889876765','Mohan',1004),(1007,'TCS',66,72,67,23,7,'NA',4,'Hyderabad','NA','Developer','SSC,HSC,BCA,MCA,BE(IT),BE(CSE)','2022-05-03','2022-05-03','9889876765','Mohan',1004),(1008,'TCS',67,73,68,22,8,'NA',4,'Hyderabad','NA','Developer','SSC,HSC,BCA,MCA,BE(IT),BE(CSE)','2022-05-03','2022-05-03','9889876765','Mohan',1004),(1009,'TCS',68,74,69,21,9,'NA',4,'Hyderabad','NA','Developer','SSC,HSC,BCA,MCA,BE(IT),BE(CSE)','2022-05-03','2022-05-03','9889876765','Mohan',1004),(1010,'TCS',69,75,70,21,10,'NA',4,'Hyderabad','NA','Developer','SSC,HSC,BCA,MCA,BE(IT),BE(CSE)','2022-05-03','2022-05-03','9889876765','Mohan',1004),(1011,'TCS',70,76,71,21,11,'NA',4,'Hyderabad','NA','Developer','SSC,HSC,BCA,MCA,BE(IT),BE(CSE)','2022-05-03','2022-05-03','9889876765','Mohan',1004),(1012,'TCS',71,77,72,21,12,'NA',4,'Hyderabad','NA','Developer','SSC,HSC,BCA,MCA,BE(IT),BE(CSE)','2022-05-03','2022-05-03','9889876765','Mohan',1004),(1013,'TCS',72,78,73,21,13,'NA',4,'Hyderabad','NA','Developer','SSC,HSC,BCA,MCA,BE(IT),BE(CSE)','2022-05-03','2022-05-03','9889876765','Mohan',1004),(1014,'TCS',73,79,74,21,14,'NA',4,'Hyderabad','NA','Developer','SSC,HSC,BCA,MCA,BE(IT),BE(CSE)','2022-05-03','2022-05-03','9889876765','Mohan',1004),(1015,'TCS',74,80,75,21,15,'NA',4,'Hyderabad','NA','Developer','SSC,HSC,BCA,MCA,BE(IT),BE(CSE)','2022-05-03','2022-05-03','9889876765','Mohan',1004),(1016,'TCS',75,81,76,21,16,'NA',4,'Hyderabad','NA','Developer','SSC,HSC,BCA,MCA,BE(IT),BE(CSE)','2022-05-03','2022-05-03','9889876765','Mohan',1004),(1017,'TCS',76,82,77,21,17,'NA',4,'Hyderabad','NA','Developer','SSC,HSC,BCA,MCA,BE(IT),BE(CSE)','2022-05-03','2022-05-03','9889876765','Mohan',1004),(1018,'TCS',77,83,78,21,18,'NA',4,'Hyderabad','NA','Developer','SSC,HSC,BCA,MCA,BE(IT),BE(CSE)','2022-05-03','2022-05-03','9889876765','Mohan',1004),(1019,'TCS',78,84,79,21,19,'NA',4,'Hyderabad','NA','Developer','SSC,HSC,BCA,MCA,BE(IT),BE(CSE)','2022-05-03','2022-05-03','9889876765','Mohan',1004),(1020,'TCS',79,85,80,21,20,'NA',4,'Hyderabad','NA','Developer','SSC,HSC,BCA,MCA,BE(IT),BE(CSE)','2022-05-03','2022-05-03','9889876765','Mohan',1004),(1021,'TCS',80,86,81,21,21,'NA',4,'Hyderabad','NA','Developer','SSC,HSC,BCA,MCA,BE(IT),BE(CSE)','2022-05-03','2022-05-03','9889876765','Mohan',1004),(1022,'TCS',81,87,82,21,22,'NA',4,'Hyderabad','NA','Developer','SSC,HSC,BCA,MCA,BE(IT),BE(CSE)','2022-05-03','2022-05-03','9889876765','Mohan',1004),(1023,'TCS',82,88,83,21,23,'NA',4,'Hyderabad','NA','Developer','SSC,HSC,BCA,MCA,BE(IT),BE(CSE)','2022-05-03','2022-05-03','9889876765','Mohan',1004),(1024,'TCS',83,89,84,21,24,'NA',4,'Hyderabad','NA','Developer','SSC,HSC,BCA,MCA,BE(IT),BE(CSE)','2022-05-03','2022-05-03','9889876765','Mohan',1004),(1025,'TCS',84,90,85,21,25,'NA',4,'Hyderabad','NA','Developer','SSC,HSC,BCA,MCA,BE(IT),BE(CSE)','2022-05-03','2022-05-03','9889876765','Mohan',1004),(1026,'TCS',85,91,86,21,26,'NA',4,'Hyderabad','NA','Developer','SSC,HSC,BCA,MCA,BE(IT),BE(CSE)','2022-05-03','2022-05-03','9889876765','Mohan',1004),(1027,'TCS',86,92,87,21,27,'NA',4,'Hyderabad','NA','Developer','SSC,HSC,BCA,MCA,BE(IT),BE(CSE)','2022-05-03','2022-05-03','9889876765','Mohan',1004),(1028,'TCS',87,93,88,21,28,'NA',4,'Hyderabad','NA','Developer','SSC,HSC,BCA,MCA,BE(IT),BE(CSE)','2022-05-03','2022-05-03','9889876765','Mohan',1004),(1029,'TCS',88,94,89,21,29,'NA',4,'Hyderabad','NA','Developer','SSC,HSC,BCA,MCA,BE(IT),BE(CSE)','2022-05-03','2022-05-03','9889876765','Mohan',1004),(1030,'TCS',89,95,90,21,30,'NA',4,'Hyderabad','NA','Developer','SSC,HSC,BCA,MCA,BE(IT),BE(CSE)','2022-05-03','2022-05-03','9889876765','Mohan',1004),(1031,'TCS',90,96,91,21,31,'NA',4,'Hyderabad','NA','Developer','SSC,HSC,BCA,MCA,BE(IT),BE(CSE)','2022-05-03','2022-05-03','9889876765','Mohan',1004),(1032,'TCS',91,97,92,21,32,'NA',4,'Hyderabad','NA','Developer','SSC,HSC,BCA,MCA,BE(IT),BE(CSE)','2022-05-03','2022-05-03','9889876765','Mohan',1004),(1033,'TCS',92,98,93,21,33,'NA',4,'Hyderabad','NA','Developer','SSC,HSC,BCA,MCA,BE(IT),BE(CSE)','2022-05-03','2022-05-03','9889876765','Mohan',1004),(1034,'TCS',93,99,94,21,34,'NA',4,'Hyderabad','NA','Developer','SSC,HSC,BCA,MCA,BE(IT),BE(CSE)','2022-05-03','2022-05-03','9889876765','Mohan',1004),(1035,'TCS',94,100,95,21,35,'NA',4,'Hyderabad','NA','Developer','SSC,HSC,BCA,MCA,BE(IT),BE(CSE)','2022-05-03','2022-05-03','9889876765','Mohan',1004),(1036,'TCS',95,101,96,21,36,'NA',4,'Hyderabad','NA','Developer','SSC,HSC,BCA,MCA,BE(IT),BE(CSE)','2022-05-03','2022-05-03','9889876765','Mohan',1004),(1037,'TCS',96,102,97,21,37,'NA',4,'Hyderabad','NA','Developer','SSC,HSC,BCA,MCA,BE(IT),BE(CSE)','2022-05-03','2022-05-03','9889876765','Mohan',1004),(1038,'TCS',97,103,98,21,38,'NA',4,'Hyderabad','NA','Developer','SSC,HSC,BCA,MCA,BE(IT),BE(CSE)','2022-05-03','2022-05-03','9889876765','Mohan',1004),(1039,'TCS',98,104,99,21,39,'NA',4,'Hyderabad','NA','Developer','SSC,HSC,BCA,MCA,BE(IT),BE(CSE)','2022-05-03','2022-05-03','9889876765','Mohan',1004),(1040,'TCS',99,105,100,21,40,'NA',4,'Hyderabad','NA','Developer','SSC,HSC,BCA,MCA,BE(IT),BE(CSE)','2022-05-03','2022-05-03','9889876765','Mohan',1004),(1041,'syntel',70,71,71,49,21,'Analyst',10,'Chennai','0','Analyst','SSC,HSC,BCA,MCA,MBA(Computer),MSCIT,TALLY,ITI in computers,Phd,BE(IT),BE(CSE)','2022-05-13','2022-05-13','9889876765','Sachin Patil',1005),(1042,'syntel',71,72,72,48,22,'Analyst',10,'Chennai','0','Analyst','SSC,HSC,BCA,MCA,MBA(Computer),MSCIT,TALLY,ITI in computers,Phd,BE(IT),BE(CSE)','2022-05-13','2022-05-13','9889876765','Sachin Patil',1005),(1043,'syntel',72,73,73,47,23,'Analyst',10,'Chennai','0','Analyst','SSC,HSC,BCA,MCA,MBA(Computer),MSCIT,TALLY,ITI in computers,Phd,BE(IT),BE(CSE)','2022-05-13','2022-05-13','9889876765','Sachin Patil',1005),(1044,'syntel',73,74,74,46,24,'Analyst',10,'Chennai','0','Analyst','SSC,HSC,BCA,MCA,MBA(Computer),MSCIT,TALLY,ITI in computers,Phd,BE(IT),BE(CSE)','2022-05-13','2022-05-13','9889876765','Sachin Patil',1005),(1045,'syntel',74,75,75,45,25,'Analyst',10,'Chennai','0','Analyst','SSC,HSC,BCA,MCA,MBA(Computer),MSCIT,TALLY,ITI in computers,Phd,BE(IT),BE(CSE)','2022-05-13','2022-05-13','9889876765','Sachin Patil',1005),(1046,'syntel',75,76,76,44,26,'Analyst',10,'Chennai','0','Analyst','SSC,HSC,BCA,MCA,MBA(Computer),MSCIT,TALLY,ITI in computers,Phd,BE(IT),BE(CSE)','2022-05-13','2022-05-13','9889876765','Sachin Patil',1005),(1047,'syntel',76,77,77,43,27,'Analyst',10,'Chennai','0','Analyst','SSC,HSC,BCA,MCA,MBA(Computer),MSCIT,TALLY,ITI in computers,Phd,BE(IT),BE(CSE)','2022-05-13','2022-05-13','9889876765','Sachin Patil',1005),(1048,'syntel',77,78,78,42,28,'Analyst',10,'Chennai','0','Analyst','SSC,HSC,BCA,MCA,MBA(Computer),MSCIT,TALLY,ITI in computers,Phd,BE(IT),BE(CSE)','2022-05-13','2022-05-13','9889876765','Sachin Patil',1005),(1049,'syntel',78,79,79,41,29,'Analyst',10,'Chennai','0','Analyst','SSC,HSC,BCA,MCA,MBA(Computer),MSCIT,TALLY,ITI in computers,Phd,BE(IT),BE(CSE)','2022-05-13','2022-05-13','9889876765','Sachin Patil',1005),(1050,'syntel',79,80,80,40,30,'Analyst',10,'Chennai','0','Analyst','SSC,HSC,BCA,MCA,MBA(Computer),MSCIT,TALLY,ITI in computers,Phd,BE(IT),BE(CSE)','2022-05-13','2022-05-13','9889876765','Sachin Patil',1005),(1051,'syntel',80,81,81,39,31,'Analyst',10,'Chennai','0','Analyst','SSC,HSC,BCA,MCA,MBA(Computer),MSCIT,TALLY,ITI in computers,Phd,BE(IT),BE(CSE)','2022-05-13','2022-05-13','9889876765','Sachin Patil',1005),(1052,'syntel',81,82,82,38,32,'Analyst',10,'Chennai','0','Analyst','SSC,HSC,BCA,MCA,MBA(Computer),MSCIT,TALLY,ITI in computers,Phd,BE(IT),BE(CSE)','2022-05-13','2022-05-13','9889876765','Sachin Patil',1005),(1053,'syntel',82,83,83,37,33,'Analyst',10,'Chennai','0','Analyst','SSC,HSC,BCA,MCA,MBA(Computer),MSCIT,TALLY,ITI in computers,Phd,BE(IT),BE(CSE)','2022-05-13','2022-05-13','9889876765','Sachin Patil',1005),(1054,'syntel',83,84,84,36,34,'Analyst',10,'Chennai','0','Analyst','SSC,HSC,BCA,MCA,MBA(Computer),MSCIT,TALLY,ITI in computers,Phd,BE(IT),BE(CSE)','2022-05-13','2022-05-13','9889876765','Sachin Patil',1005),(1055,'syntel',84,85,85,35,35,'Analyst',10,'Chennai','0','Analyst','SSC,HSC,BCA,MCA,MBA(Computer),MSCIT,TALLY,ITI in computers,Phd,BE(IT),BE(CSE)','2022-05-13','2022-05-13','9889876765','Sachin Patil',1005),(1056,'syntel',85,86,86,34,36,'Analyst',10,'Chennai','0','Analyst','SSC,HSC,BCA,MCA,MBA(Computer),MSCIT,TALLY,ITI in computers,Phd,BE(IT),BE(CSE)','2022-05-13','2022-05-13','9889876765','Sachin Patil',1005),(1057,'syntel',86,87,87,33,37,'Analyst',10,'Chennai','0','Analyst','SSC,HSC,BCA,MCA,MBA(Computer),MSCIT,TALLY,ITI in computers,Phd,BE(IT),BE(CSE)','2022-05-13','2022-05-13','9889876765','Sachin Patil',1005),(1058,'syntel',87,88,88,32,38,'Analyst',10,'Chennai','0','Analyst','SSC,HSC,BCA,MCA,MBA(Computer),MSCIT,TALLY,ITI in computers,Phd,BE(IT),BE(CSE)','2022-05-13','2022-05-13','9889876765','Sachin Patil',1005),(1059,'syntel',88,89,89,31,39,'Analyst',10,'Chennai','0','Analyst','SSC,HSC,BCA,MCA,MBA(Computer),MSCIT,TALLY,ITI in computers,Phd,BE(IT),BE(CSE)','2022-05-13','2022-05-13','9889876765','Sachin Patil',1005),(1060,'syntel',89,90,90,30,40,'Analyst',10,'Chennai','0','Analyst','SSC,HSC,BCA,MCA,MBA(Computer),MSCIT,TALLY,ITI in computers,Phd,BE(IT),BE(CSE)','2022-05-13','2022-05-13','9889876765','Sachin Patil',1005),(1061,'syntel',90,91,91,29,41,'Analyst',10,'Chennai','0','Analyst','SSC,HSC,BCA,MCA,MBA(Computer),MSCIT,TALLY,ITI in computers,Phd,BE(IT),BE(CSE)','2022-05-13','2022-05-13','9889876765','Sachin Patil',1005),(1062,'syntel',91,92,92,28,42,'Analyst',10,'Chennai','0','Analyst','SSC,HSC,BCA,MCA,MBA(Computer),MSCIT,TALLY,ITI in computers,Phd,BE(IT),BE(CSE)','2022-05-13','2022-05-13','9889876765','Sachin Patil',1005),(1063,'syntel',92,93,93,27,43,'Analyst',10,'Chennai','0','Analyst','SSC,HSC,BCA,MCA,MBA(Computer),MSCIT,TALLY,ITI in computers,Phd,BE(IT),BE(CSE)','2022-05-13','2022-05-13','9889876765','Sachin Patil',1005),(1064,'syntel',93,94,94,26,44,'Analyst',10,'Chennai','0','Analyst','SSC,HSC,BCA,MCA,MBA(Computer),MSCIT,TALLY,ITI in computers,Phd,BE(IT),BE(CSE)','2022-05-13','2022-05-13','9889876765','Sachin Patil',1005),(1065,'syntel',94,95,95,25,45,'Analyst',10,'Chennai','0','Analyst','SSC,HSC,BCA,MCA,MBA(Computer),MSCIT,TALLY,ITI in computers,Phd,BE(IT),BE(CSE)','2022-05-13','2022-05-13','9889876765','Sachin Patil',1005),(1066,'syntel',95,96,96,24,46,'Analyst',10,'Chennai','0','Analyst','SSC,HSC,BCA,MCA,MBA(Computer),MSCIT,TALLY,ITI in computers,Phd,BE(IT),BE(CSE)','2022-05-13','2022-05-13','9889876765','Sachin Patil',1005),(1067,'syntel',96,97,97,23,47,'Analyst',10,'Chennai','0','Analyst','SSC,HSC,BCA,MCA,MBA(Computer),MSCIT,TALLY,ITI in computers,Phd,BE(IT),BE(CSE)','2022-05-13','2022-05-13','9889876765','Sachin Patil',1005),(1068,'syntel',97,98,98,22,48,'Analyst',10,'Chennai','0','Analyst','SSC,HSC,BCA,MCA,MBA(Computer),MSCIT,TALLY,ITI in computers,Phd,BE(IT),BE(CSE)','2022-05-13','2022-05-13','9889876765','Sachin Patil',1005),(1069,'syntel',98,99,99,21,49,'Analyst',10,'Chennai','0','Analyst','SSC,HSC,BCA,MCA,MBA(Computer),MSCIT,TALLY,ITI in computers,Phd,BE(IT),BE(CSE)','2022-05-13','2022-05-13','9889876765','Sachin Patil',1005),(1070,'syntel',99,100,100,21,50,'Analyst',10,'Chennai','0','Analyst','SSC,HSC,BCA,MCA,MBA(Computer),MSCIT,TALLY,ITI in computers,Phd,BE(IT),BE(CSE)','2022-05-13','2022-05-13','9889876765','Sachin Patil',1005),(1071,'JSW',60,61,61,24,1,'Developer',4.25,'Bangalore','1','Nagpur, Pune','SSC,HSC,BE(IT),BE(CSE),Java Certification,PHP Certification,Python Certification','2022-05-20','2022-05-20','5697854454','Sam sam',1006),(1072,'JSW',61,62,62,23,2,'Developer',4.25,'Bangalore','1','Nagpur, Pune','SSC,HSC,BE(IT),BE(CSE),Java Certification,PHP Certification,Python Certification','2022-05-20','2022-05-20','5697854454','Sam sam',1006),(1073,'JSW',62,63,63,22,3,'Developer',4.25,'Bangalore','1','Nagpur, Pune','SSC,HSC,BE(IT),BE(CSE),Java Certification,PHP Certification,Python Certification','2022-05-20','2022-05-20','5697854454','Sam sam',1006),(1074,'JSW',63,64,64,21,4,'Developer',4.25,'Bangalore','1','Nagpur, Pune','SSC,HSC,BE(IT),BE(CSE),Java Certification,PHP Certification,Python Certification','2022-05-20','2022-05-20','5697854454','Sam sam',1006),(1075,'JSW',64,65,65,21,5,'Developer',4.25,'Bangalore','1','Nagpur, Pune','SSC,HSC,BE(IT),BE(CSE),Java Certification,PHP Certification,Python Certification','2022-05-20','2022-05-20','5697854454','Sam sam',1006),(1076,'JSW',65,66,66,21,6,'Developer',4.25,'Bangalore','1','Nagpur, Pune','SSC,HSC,BE(IT),BE(CSE),Java Certification,PHP Certification,Python Certification','2022-05-20','2022-05-20','5697854454','Sam sam',1006),(1077,'JSW',66,67,67,21,7,'Developer',4.25,'Bangalore','1','Nagpur, Pune','SSC,HSC,BE(IT),BE(CSE),Java Certification,PHP Certification,Python Certification','2022-05-20','2022-05-20','5697854454','Sam sam',1006),(1078,'JSW',67,68,68,21,8,'Developer',4.25,'Bangalore','1','Nagpur, Pune','SSC,HSC,BE(IT),BE(CSE),Java Certification,PHP Certification,Python Certification','2022-05-20','2022-05-20','5697854454','Sam sam',1006),(1079,'JSW',68,69,69,21,9,'Developer',4.25,'Bangalore','1','Nagpur, Pune','SSC,HSC,BE(IT),BE(CSE),Java Certification,PHP Certification,Python Certification','2022-05-20','2022-05-20','5697854454','Sam sam',1006),(1080,'JSW',69,70,70,21,10,'Developer',4.25,'Bangalore','1','Nagpur, Pune','SSC,HSC,BE(IT),BE(CSE),Java Certification,PHP Certification,Python Certification','2022-05-20','2022-05-20','5697854454','Sam sam',1006),(1081,'JSW',70,71,71,21,11,'Developer',4.25,'Bangalore','1','Nagpur, Pune','SSC,HSC,BE(IT),BE(CSE),Java Certification,PHP Certification,Python Certification','2022-05-20','2022-05-20','5697854454','Sam sam',1006),(1082,'JSW',71,72,72,21,12,'Developer',4.25,'Bangalore','1','Nagpur, Pune','SSC,HSC,BE(IT),BE(CSE),Java Certification,PHP Certification,Python Certification','2022-05-20','2022-05-20','5697854454','Sam sam',1006),(1083,'JSW',72,73,73,21,13,'Developer',4.25,'Bangalore','1','Nagpur, Pune','SSC,HSC,BE(IT),BE(CSE),Java Certification,PHP Certification,Python Certification','2022-05-20','2022-05-20','5697854454','Sam sam',1006),(1084,'JSW',73,74,74,21,14,'Developer',4.25,'Bangalore','1','Nagpur, Pune','SSC,HSC,BE(IT),BE(CSE),Java Certification,PHP Certification,Python Certification','2022-05-20','2022-05-20','5697854454','Sam sam',1006),(1085,'JSW',74,75,75,21,15,'Developer',4.25,'Bangalore','1','Nagpur, Pune','SSC,HSC,BE(IT),BE(CSE),Java Certification,PHP Certification,Python Certification','2022-05-20','2022-05-20','5697854454','Sam sam',1006),(1086,'JSW',75,76,76,21,16,'Developer',4.25,'Bangalore','1','Nagpur, Pune','SSC,HSC,BE(IT),BE(CSE),Java Certification,PHP Certification,Python Certification','2022-05-20','2022-05-20','5697854454','Sam sam',1006),(1087,'JSW',76,77,77,21,17,'Developer',4.25,'Bangalore','1','Nagpur, Pune','SSC,HSC,BE(IT),BE(CSE),Java Certification,PHP Certification,Python Certification','2022-05-20','2022-05-20','5697854454','Sam sam',1006),(1088,'JSW',77,78,78,21,18,'Developer',4.25,'Bangalore','1','Nagpur, Pune','SSC,HSC,BE(IT),BE(CSE),Java Certification,PHP Certification,Python Certification','2022-05-20','2022-05-20','5697854454','Sam sam',1006),(1089,'JSW',78,79,79,21,19,'Developer',4.25,'Bangalore','1','Nagpur, Pune','SSC,HSC,BE(IT),BE(CSE),Java Certification,PHP Certification,Python Certification','2022-05-20','2022-05-20','5697854454','Sam sam',1006),(1090,'JSW',79,80,80,21,20,'Developer',4.25,'Bangalore','1','Nagpur, Pune','SSC,HSC,BE(IT),BE(CSE),Java Certification,PHP Certification,Python Certification','2022-05-20','2022-05-20','5697854454','Sam sam',1006),(1091,'JSW',80,81,81,21,21,'Developer',4.25,'Bangalore','1','Nagpur, Pune','SSC,HSC,BE(IT),BE(CSE),Java Certification,PHP Certification,Python Certification','2022-05-20','2022-05-20','5697854454','Sam sam',1006),(1092,'JSW',81,82,82,21,22,'Developer',4.25,'Bangalore','1','Nagpur, Pune','SSC,HSC,BE(IT),BE(CSE),Java Certification,PHP Certification,Python Certification','2022-05-20','2022-05-20','5697854454','Sam sam',1006),(1093,'JSW',82,83,83,21,23,'Developer',4.25,'Bangalore','1','Nagpur, Pune','SSC,HSC,BE(IT),BE(CSE),Java Certification,PHP Certification,Python Certification','2022-05-20','2022-05-20','5697854454','Sam sam',1006),(1094,'JSW',83,84,84,21,24,'Developer',4.25,'Bangalore','1','Nagpur, Pune','SSC,HSC,BE(IT),BE(CSE),Java Certification,PHP Certification,Python Certification','2022-05-20','2022-05-20','5697854454','Sam sam',1006),(1095,'JSW',84,85,85,21,25,'Developer',4.25,'Bangalore','1','Nagpur, Pune','SSC,HSC,BE(IT),BE(CSE),Java Certification,PHP Certification,Python Certification','2022-05-20','2022-05-20','5697854454','Sam sam',1006),(1096,'JSW',85,86,86,21,26,'Developer',4.25,'Bangalore','1','Nagpur, Pune','SSC,HSC,BE(IT),BE(CSE),Java Certification,PHP Certification,Python Certification','2022-05-20','2022-05-20','5697854454','Sam sam',1006),(1097,'JSW',86,87,87,21,27,'Developer',4.25,'Bangalore','1','Nagpur, Pune','SSC,HSC,BE(IT),BE(CSE),Java Certification,PHP Certification,Python Certification','2022-05-20','2022-05-20','5697854454','Sam sam',1006),(1098,'JSW',87,88,88,21,28,'Developer',4.25,'Bangalore','1','Nagpur, Pune','SSC,HSC,BE(IT),BE(CSE),Java Certification,PHP Certification,Python Certification','2022-05-20','2022-05-20','5697854454','Sam sam',1006),(1099,'JSW',88,89,89,21,29,'Developer',4.25,'Bangalore','1','Nagpur, Pune','SSC,HSC,BE(IT),BE(CSE),Java Certification,PHP Certification,Python Certification','2022-05-20','2022-05-20','5697854454','Sam sam',1006),(1100,'JSW',89,90,90,21,30,'Developer',4.25,'Bangalore','1','Nagpur, Pune','SSC,HSC,BE(IT),BE(CSE),Java Certification,PHP Certification,Python Certification','2022-05-20','2022-05-20','5697854454','Sam sam',1006),(1101,'JSW',90,91,91,21,31,'Developer',4.25,'Bangalore','1','Nagpur, Pune','SSC,HSC,BE(IT),BE(CSE),Java Certification,PHP Certification,Python Certification','2022-05-20','2022-05-20','5697854454','Sam sam',1006),(1102,'JSW',91,92,92,21,32,'Developer',4.25,'Bangalore','1','Nagpur, Pune','SSC,HSC,BE(IT),BE(CSE),Java Certification,PHP Certification,Python Certification','2022-05-20','2022-05-20','5697854454','Sam sam',1006),(1103,'JSW',92,93,93,21,33,'Developer',4.25,'Bangalore','1','Nagpur, Pune','SSC,HSC,BE(IT),BE(CSE),Java Certification,PHP Certification,Python Certification','2022-05-20','2022-05-20','5697854454','Sam sam',1006),(1104,'JSW',93,94,94,21,34,'Developer',4.25,'Bangalore','1','Nagpur, Pune','SSC,HSC,BE(IT),BE(CSE),Java Certification,PHP Certification,Python Certification','2022-05-20','2022-05-20','5697854454','Sam sam',1006),(1105,'JSW',94,95,95,21,35,'Developer',4.25,'Bangalore','1','Nagpur, Pune','SSC,HSC,BE(IT),BE(CSE),Java Certification,PHP Certification,Python Certification','2022-05-20','2022-05-20','5697854454','Sam sam',1006),(1106,'JSW',95,96,96,21,36,'Developer',4.25,'Bangalore','1','Nagpur, Pune','SSC,HSC,BE(IT),BE(CSE),Java Certification,PHP Certification,Python Certification','2022-05-20','2022-05-20','5697854454','Sam sam',1006),(1107,'JSW',96,97,97,21,37,'Developer',4.25,'Bangalore','1','Nagpur, Pune','SSC,HSC,BE(IT),BE(CSE),Java Certification,PHP Certification,Python Certification','2022-05-20','2022-05-20','5697854454','Sam sam',1006),(1108,'JSW',97,98,98,21,38,'Developer',4.25,'Bangalore','1','Nagpur, Pune','SSC,HSC,BE(IT),BE(CSE),Java Certification,PHP Certification,Python Certification','2022-05-20','2022-05-20','5697854454','Sam sam',1006),(1109,'JSW',98,99,99,21,39,'Developer',4.25,'Bangalore','1','Nagpur, Pune','SSC,HSC,BE(IT),BE(CSE),Java Certification,PHP Certification,Python Certification','2022-05-20','2022-05-20','5697854454','Sam sam',1006),(1110,'JSW',99,100,100,21,40,'Developer',4.25,'Bangalore','1','Nagpur, Pune','SSC,HSC,BE(IT),BE(CSE),Java Certification,PHP Certification,Python Certification','2022-05-20','2022-05-20','5697854454','Sam sam',1006),(1111,'JSW',60,61,61,24,1,'Developer',4.25,'Bangalore','1','Nagpur, Pune','SSC,HSC,BE(IT),BE(CSE),Java Certification,PHP Certification,Python Certification','2022-05-20','2022-05-20','5697854454','Sam sam',1007),(1112,'JSW',61,62,62,23,2,'Developer',4.25,'Bangalore','1','Nagpur, Pune','SSC,HSC,BE(IT),BE(CSE),Java Certification,PHP Certification,Python Certification','2022-05-20','2022-05-20','5697854454','Sam sam',1007),(1113,'JSW',62,63,63,22,3,'Developer',4.25,'Bangalore','1','Nagpur, Pune','SSC,HSC,BE(IT),BE(CSE),Java Certification,PHP Certification,Python Certification','2022-05-20','2022-05-20','5697854454','Sam sam',1007),(1114,'JSW',63,64,64,21,4,'Developer',4.25,'Bangalore','1','Nagpur, Pune','SSC,HSC,BE(IT),BE(CSE),Java Certification,PHP Certification,Python Certification','2022-05-20','2022-05-20','5697854454','Sam sam',1007),(1115,'JSW',64,65,65,21,5,'Developer',4.25,'Bangalore','1','Nagpur, Pune','SSC,HSC,BE(IT),BE(CSE),Java Certification,PHP Certification,Python Certification','2022-05-20','2022-05-20','5697854454','Sam sam',1007),(1116,'JSW',65,66,66,21,6,'Developer',4.25,'Bangalore','1','Nagpur, Pune','SSC,HSC,BE(IT),BE(CSE),Java Certification,PHP Certification,Python Certification','2022-05-20','2022-05-20','5697854454','Sam sam',1007),(1117,'JSW',66,67,67,21,7,'Developer',4.25,'Bangalore','1','Nagpur, Pune','SSC,HSC,BE(IT),BE(CSE),Java Certification,PHP Certification,Python Certification','2022-05-20','2022-05-20','5697854454','Sam sam',1007),(1118,'JSW',67,68,68,21,8,'Developer',4.25,'Bangalore','1','Nagpur, Pune','SSC,HSC,BE(IT),BE(CSE),Java Certification,PHP Certification,Python Certification','2022-05-20','2022-05-20','5697854454','Sam sam',1007),(1119,'JSW',68,69,69,21,9,'Developer',4.25,'Bangalore','1','Nagpur, Pune','SSC,HSC,BE(IT),BE(CSE),Java Certification,PHP Certification,Python Certification','2022-05-20','2022-05-20','5697854454','Sam sam',1007),(1120,'JSW',69,70,70,21,10,'Developer',4.25,'Bangalore','1','Nagpur, Pune','SSC,HSC,BE(IT),BE(CSE),Java Certification,PHP Certification,Python Certification','2022-05-20','2022-05-20','5697854454','Sam sam',1007),(1121,'JSW',70,71,71,21,11,'Developer',4.25,'Bangalore','1','Nagpur, Pune','SSC,HSC,BE(IT),BE(CSE),Java Certification,PHP Certification,Python Certification','2022-05-20','2022-05-20','5697854454','Sam sam',1007),(1122,'JSW',71,72,72,21,12,'Developer',4.25,'Bangalore','1','Nagpur, Pune','SSC,HSC,BE(IT),BE(CSE),Java Certification,PHP Certification,Python Certification','2022-05-20','2022-05-20','5697854454','Sam sam',1007),(1123,'JSW',72,73,73,21,13,'Developer',4.25,'Bangalore','1','Nagpur, Pune','SSC,HSC,BE(IT),BE(CSE),Java Certification,PHP Certification,Python Certification','2022-05-20','2022-05-20','5697854454','Sam sam',1007),(1124,'JSW',73,74,74,21,14,'Developer',4.25,'Bangalore','1','Nagpur, Pune','SSC,HSC,BE(IT),BE(CSE),Java Certification,PHP Certification,Python Certification','2022-05-20','2022-05-20','5697854454','Sam sam',1007),(1125,'JSW',74,75,75,21,15,'Developer',4.25,'Bangalore','1','Nagpur, Pune','SSC,HSC,BE(IT),BE(CSE),Java Certification,PHP Certification,Python Certification','2022-05-20','2022-05-20','5697854454','Sam sam',1007),(1126,'JSW',75,76,76,21,16,'Developer',4.25,'Bangalore','1','Nagpur, Pune','SSC,HSC,BE(IT),BE(CSE),Java Certification,PHP Certification,Python Certification','2022-05-20','2022-05-20','5697854454','Sam sam',1007),(1127,'JSW',76,77,77,21,17,'Developer',4.25,'Bangalore','1','Nagpur, Pune','SSC,HSC,BE(IT),BE(CSE),Java Certification,PHP Certification,Python Certification','2022-05-20','2022-05-20','5697854454','Sam sam',1007),(1128,'JSW',77,78,78,21,18,'Developer',4.25,'Bangalore','1','Nagpur, Pune','SSC,HSC,BE(IT),BE(CSE),Java Certification,PHP Certification,Python Certification','2022-05-20','2022-05-20','5697854454','Sam sam',1007),(1129,'JSW',78,79,79,21,19,'Developer',4.25,'Bangalore','1','Nagpur, Pune','SSC,HSC,BE(IT),BE(CSE),Java Certification,PHP Certification,Python Certification','2022-05-20','2022-05-20','5697854454','Sam sam',1007),(1130,'JSW',79,80,80,21,20,'Developer',4.25,'Bangalore','1','Nagpur, Pune','SSC,HSC,BE(IT),BE(CSE),Java Certification,PHP Certification,Python Certification','2022-05-20','2022-05-20','5697854454','Sam sam',1007),(1131,'JSW',80,81,81,21,21,'Developer',4.25,'Bangalore','1','Nagpur, Pune','SSC,HSC,BE(IT),BE(CSE),Java Certification,PHP Certification,Python Certification','2022-05-20','2022-05-20','5697854454','Sam sam',1007),(1132,'JSW',81,82,82,21,22,'Developer',4.25,'Bangalore','1','Nagpur, Pune','SSC,HSC,BE(IT),BE(CSE),Java Certification,PHP Certification,Python Certification','2022-05-20','2022-05-20','5697854454','Sam sam',1007),(1133,'JSW',82,83,83,21,23,'Developer',4.25,'Bangalore','1','Nagpur, Pune','SSC,HSC,BE(IT),BE(CSE),Java Certification,PHP Certification,Python Certification','2022-05-20','2022-05-20','5697854454','Sam sam',1007),(1134,'JSW',83,84,84,21,24,'Developer',4.25,'Bangalore','1','Nagpur, Pune','SSC,HSC,BE(IT),BE(CSE),Java Certification,PHP Certification,Python Certification','2022-05-20','2022-05-20','5697854454','Sam sam',1007),(1135,'JSW',84,85,85,21,25,'Developer',4.25,'Bangalore','1','Nagpur, Pune','SSC,HSC,BE(IT),BE(CSE),Java Certification,PHP Certification,Python Certification','2022-05-20','2022-05-20','5697854454','Sam sam',1007),(1136,'JSW',85,86,86,21,26,'Developer',4.25,'Bangalore','1','Nagpur, Pune','SSC,HSC,BE(IT),BE(CSE),Java Certification,PHP Certification,Python Certification','2022-05-20','2022-05-20','5697854454','Sam sam',1007),(1137,'JSW',86,87,87,21,27,'Developer',4.25,'Bangalore','1','Nagpur, Pune','SSC,HSC,BE(IT),BE(CSE),Java Certification,PHP Certification,Python Certification','2022-05-20','2022-05-20','5697854454','Sam sam',1007),(1138,'JSW',87,88,88,21,28,'Developer',4.25,'Bangalore','1','Nagpur, Pune','SSC,HSC,BE(IT),BE(CSE),Java Certification,PHP Certification,Python Certification','2022-05-20','2022-05-20','5697854454','Sam sam',1008),(1139,'JSW',60,61,61,24,1,'Developer',4.25,'Bangalore','1','Nagpur, Pune','SSC,HSC,BE(IT),BE(CSE),Java Certification,PHP Certification,Python Certification','2022-05-20','2022-05-20','5697854454','Sam sam',1008),(1140,'JSW',88,89,89,21,29,'Developer',4.25,'Bangalore','1','Nagpur, Pune','SSC,HSC,BE(IT),BE(CSE),Java Certification,PHP Certification,Python Certification','2022-05-20','2022-05-20','5697854454','Sam sam',1008),(1141,'JSW',61,62,62,23,2,'Developer',4.25,'Bangalore','1','Nagpur, Pune','SSC,HSC,BE(IT),BE(CSE),Java Certification,PHP Certification,Python Certification','2022-05-20','2022-05-20','5697854454','Sam sam',1008),(1142,'JSW',89,90,90,21,30,'Developer',4.25,'Bangalore','1','Nagpur, Pune','SSC,HSC,BE(IT),BE(CSE),Java Certification,PHP Certification,Python Certification','2022-05-20','2022-05-20','5697854454','Sam sam',1008),(1143,'JSW',90,91,91,21,31,'Developer',4.25,'Bangalore','1','Nagpur, Pune','SSC,HSC,BE(IT),BE(CSE),Java Certification,PHP Certification,Python Certification','2022-05-20','2022-05-20','5697854454','Sam sam',1008),(1144,'JSW',91,92,92,21,32,'Developer',4.25,'Bangalore','1','Nagpur, Pune','SSC,HSC,BE(IT),BE(CSE),Java Certification,PHP Certification,Python Certification','2022-05-20','2022-05-20','5697854454','Sam sam',1008),(1145,'JSW',63,64,64,21,4,'Developer',4.25,'Bangalore','1','Nagpur, Pune','SSC,HSC,BE(IT),BE(CSE),Java Certification,PHP Certification,Python Certification','2022-05-20','2022-05-20','5697854454','Sam sam',1008),(1146,'JSW',92,93,93,21,33,'Developer',4.25,'Bangalore','1','Nagpur, Pune','SSC,HSC,BE(IT),BE(CSE),Java Certification,PHP Certification,Python Certification','2022-05-20','2022-05-20','5697854454','Sam sam',1008),(1147,'JSW',64,65,65,21,5,'Developer',4.25,'Bangalore','1','Nagpur, Pune','SSC,HSC,BE(IT),BE(CSE),Java Certification,PHP Certification,Python Certification','2022-05-20','2022-05-20','5697854454','Sam sam',1008),(1148,'JSW',93,94,94,21,34,'Developer',4.25,'Bangalore','1','Nagpur, Pune','SSC,HSC,BE(IT),BE(CSE),Java Certification,PHP Certification,Python Certification','2022-05-20','2022-05-20','5697854454','Sam sam',1008),(1149,'JSW',65,66,66,21,6,'Developer',4.25,'Bangalore','1','Nagpur, Pune','SSC,HSC,BE(IT),BE(CSE),Java Certification,PHP Certification,Python Certification','2022-05-20','2022-05-20','5697854454','Sam sam',1008),(1150,'JSW',94,95,95,21,35,'Developer',4.25,'Bangalore','1','Nagpur, Pune','SSC,HSC,BE(IT),BE(CSE),Java Certification,PHP Certification,Python Certification','2022-05-20','2022-05-20','5697854454','Sam sam',1008),(1151,'JSW',66,67,67,21,7,'Developer',4.25,'Bangalore','1','Nagpur, Pune','SSC,HSC,BE(IT),BE(CSE),Java Certification,PHP Certification,Python Certification','2022-05-20','2022-05-20','5697854454','Sam sam',1008),(1152,'JSW',95,96,96,21,36,'Developer',4.25,'Bangalore','1','Nagpur, Pune','SSC,HSC,BE(IT),BE(CSE),Java Certification,PHP Certification,Python Certification','2022-05-20','2022-05-20','5697854454','Sam sam',1008),(1153,'JSW',67,68,68,21,8,'Developer',4.25,'Bangalore','1','Nagpur, Pune','SSC,HSC,BE(IT),BE(CSE),Java Certification,PHP Certification,Python Certification','2022-05-20','2022-05-20','5697854454','Sam sam',1008),(1154,'JSW',68,69,69,21,9,'Developer',4.25,'Bangalore','1','Nagpur, Pune','SSC,HSC,BE(IT),BE(CSE),Java Certification,PHP Certification,Python Certification','2022-05-20','2022-05-20','5697854454','Sam sam',1008),(1155,'JSW',69,70,70,21,10,'Developer',4.25,'Bangalore','1','Nagpur, Pune','SSC,HSC,BE(IT),BE(CSE),Java Certification,PHP Certification,Python Certification','2022-05-20','2022-05-20','5697854454','Sam sam',1008),(1156,'JSW',97,98,98,21,38,'Developer',4.25,'Bangalore','1','Nagpur, Pune','SSC,HSC,BE(IT),BE(CSE),Java Certification,PHP Certification,Python Certification','2022-05-20','2022-05-20','5697854454','Sam sam',1008),(1157,'JSW',98,99,99,21,39,'Developer',4.25,'Bangalore','1','Nagpur, Pune','SSC,HSC,BE(IT),BE(CSE),Java Certification,PHP Certification,Python Certification','2022-05-20','2022-05-20','5697854454','Sam sam',1008),(1158,'JSW',71,72,72,21,12,'Developer',4.25,'Bangalore','1','Nagpur, Pune','SSC,HSC,BE(IT),BE(CSE),Java Certification,PHP Certification,Python Certification','2022-05-20','2022-05-20','5697854454','Sam sam',1008),(1159,'JSW',99,100,100,21,40,'Developer',4.25,'Bangalore','1','Nagpur, Pune','SSC,HSC,BE(IT),BE(CSE),Java Certification,PHP Certification,Python Certification','2022-05-20','2022-05-20','5697854454','Sam sam',1008),(1160,'JSW',72,73,73,21,13,'Developer',4.25,'Bangalore','1','Nagpur, Pune','SSC,HSC,BE(IT),BE(CSE),Java Certification,PHP Certification,Python Certification','2022-05-20','2022-05-20','5697854454','Sam sam',1008),(1161,'JSW',73,74,74,21,14,'Developer',4.25,'Bangalore','1','Nagpur, Pune','SSC,HSC,BE(IT),BE(CSE),Java Certification,PHP Certification,Python Certification','2022-05-20','2022-05-20','5697854454','Sam sam',1008),(1162,'JSW',74,75,75,21,15,'Developer',4.25,'Bangalore','1','Nagpur, Pune','SSC,HSC,BE(IT),BE(CSE),Java Certification,PHP Certification,Python Certification','2022-05-20','2022-05-20','5697854454','Sam sam',1008),(1163,'JSW',75,76,76,21,16,'Developer',4.25,'Bangalore','1','Nagpur, Pune','SSC,HSC,BE(IT),BE(CSE),Java Certification,PHP Certification,Python Certification','2022-05-20','2022-05-20','5697854454','Sam sam',1008),(1164,'JSW',76,77,77,21,17,'Developer',4.25,'Bangalore','1','Nagpur, Pune','SSC,HSC,BE(IT),BE(CSE),Java Certification,PHP Certification,Python Certification','2022-05-20','2022-05-20','5697854454','Sam sam',1008),(1165,'JSW',77,78,78,21,18,'Developer',4.25,'Bangalore','1','Nagpur, Pune','SSC,HSC,BE(IT),BE(CSE),Java Certification,PHP Certification,Python Certification','2022-05-20','2022-05-20','5697854454','Sam sam',1008),(1166,'JSW',78,79,79,21,19,'Developer',4.25,'Bangalore','1','Nagpur, Pune','SSC,HSC,BE(IT),BE(CSE),Java Certification,PHP Certification,Python Certification','2022-05-20','2022-05-20','5697854454','Sam sam',1008),(1167,'JSW',79,80,80,21,20,'Developer',4.25,'Bangalore','1','Nagpur, Pune','SSC,HSC,BE(IT),BE(CSE),Java Certification,PHP Certification,Python Certification','2022-05-20','2022-05-20','5697854454','Sam sam',1008),(1168,'JSW',80,81,81,21,21,'Developer',4.25,'Bangalore','1','Nagpur, Pune','SSC,HSC,BE(IT),BE(CSE),Java Certification,PHP Certification,Python Certification','2022-05-20','2022-05-20','5697854454','Sam sam',1008),(1169,'JSW',81,82,82,21,22,'Developer',4.25,'Bangalore','1','Nagpur, Pune','SSC,HSC,BE(IT),BE(CSE),Java Certification,PHP Certification,Python Certification','2022-05-20','2022-05-20','5697854454','Sam sam',1008),(1170,'JSW',82,83,83,21,23,'Developer',4.25,'Bangalore','1','Nagpur, Pune','SSC,HSC,BE(IT),BE(CSE),Java Certification,PHP Certification,Python Certification','2022-05-20','2022-05-20','5697854454','Sam sam',1008),(1171,'JSW',83,84,84,21,24,'Developer',4.25,'Bangalore','1','Nagpur, Pune','SSC,HSC,BE(IT),BE(CSE),Java Certification,PHP Certification,Python Certification','2022-05-20','2022-05-20','5697854454','Sam sam',1008),(1172,'JSW',84,85,85,21,25,'Developer',4.25,'Bangalore','1','Nagpur, Pune','SSC,HSC,BE(IT),BE(CSE),Java Certification,PHP Certification,Python Certification','2022-05-20','2022-05-20','5697854454','Sam sam',1008),(1173,'JSW',85,86,86,21,26,'Developer',4.25,'Bangalore','1','Nagpur, Pune','SSC,HSC,BE(IT),BE(CSE),Java Certification,PHP Certification,Python Certification','2022-05-20','2022-05-20','5697854454','Sam sam',1008),(1174,'JSW',86,87,87,21,27,'Developer',4.25,'Bangalore','1','Nagpur, Pune','SSC,HSC,BE(IT),BE(CSE),Java Certification,PHP Certification,Python Certification','2022-05-20','2022-05-20','5697854454','Sam sam',1008),(1175,'JSW',87,88,88,21,28,'Developer',4.25,'Bangalore','1','Nagpur, Pune','SSC,HSC,BE(IT),BE(CSE),Java Certification,PHP Certification,Python Certification','2022-05-20','2022-05-20','5697854454','Sam sam',1008),(1176,'JSW',88,89,89,21,29,'Developer',4.25,'Bangalore','1','Nagpur, Pune','SSC,HSC,BE(IT),BE(CSE),Java Certification,PHP Certification,Python Certification','2022-05-20','2022-05-20','5697854454','Sam sam',1008),(1177,'JSW',89,90,90,21,30,'Developer',4.25,'Bangalore','1','Nagpur, Pune','SSC,HSC,BE(IT),BE(CSE),Java Certification,PHP Certification,Python Certification','2022-05-20','2022-05-20','5697854454','Sam sam',1008),(1178,'JSW',90,91,91,21,31,'Developer',4.25,'Bangalore','1','Nagpur, Pune','SSC,HSC,BE(IT),BE(CSE),Java Certification,PHP Certification,Python Certification','2022-05-20','2022-05-20','5697854454','Sam sam',1008),(1179,'JSW',91,92,92,21,32,'Developer',4.25,'Bangalore','1','Nagpur, Pune','SSC,HSC,BE(IT),BE(CSE),Java Certification,PHP Certification,Python Certification','2022-05-20','2022-05-20','5697854454','Sam sam',1008),(1180,'JSW',92,93,93,21,33,'Developer',4.25,'Bangalore','1','Nagpur, Pune','SSC,HSC,BE(IT),BE(CSE),Java Certification,PHP Certification,Python Certification','2022-05-20','2022-05-20','5697854454','Sam sam',1008),(1181,'JSW',93,94,94,21,34,'Developer',4.25,'Bangalore','1','Nagpur, Pune','SSC,HSC,BE(IT),BE(CSE),Java Certification,PHP Certification,Python Certification','2022-05-20','2022-05-20','5697854454','Sam sam',1008),(1182,'JSW',94,95,95,21,35,'Developer',4.25,'Bangalore','1','Nagpur, Pune','SSC,HSC,BE(IT),BE(CSE),Java Certification,PHP Certification,Python Certification','2022-05-20','2022-05-20','5697854454','Sam sam',1008),(1183,'JSW',95,96,96,21,36,'Developer',4.25,'Bangalore','1','Nagpur, Pune','SSC,HSC,BE(IT),BE(CSE),Java Certification,PHP Certification,Python Certification','2022-05-20','2022-05-20','5697854454','Sam sam',1008),(1184,'JSW',96,97,97,21,37,'Developer',4.25,'Bangalore','1','Nagpur, Pune','SSC,HSC,BE(IT),BE(CSE),Java Certification,PHP Certification,Python Certification','2022-05-20','2022-05-20','5697854454','Sam sam',1008),(1185,'JSW',97,98,98,21,38,'Developer',4.25,'Bangalore','1','Nagpur, Pune','SSC,HSC,BE(IT),BE(CSE),Java Certification,PHP Certification,Python Certification','2022-05-20','2022-05-20','5697854454','Sam sam',1008),(1186,'JSW',98,99,99,21,39,'Developer',4.25,'Bangalore','1','Nagpur, Pune','SSC,HSC,BE(IT),BE(CSE),Java Certification,PHP Certification,Python Certification','2022-05-20','2022-05-20','5697854454','Sam sam',1008),(1187,'JSW',99,100,100,21,40,'Developer',4.25,'Bangalore','1','Nagpur, Pune','SSC,HSC,BE(IT),BE(CSE),Java Certification,PHP Certification,Python Certification','2022-05-20','2022-05-20','5697854454','Sam sam',1008),(1188,'Atos Syntel',60,61,61,22,1,'NA ',6.75,'Hyderabad','0','System Engineer','SSC,HSC,BE(IT),BE(CSE),Java Certification','2022-05-27','2022-05-27','5465489655','sam2 sam3',1007),(1189,'Atos Syntel',61,62,62,21,2,'NA ',6.75,'Hyderabad','0','System Engineer','SSC,HSC,BE(IT),BE(CSE),Java Certification','2022-05-27','2022-05-27','5465489655','sam2 sam3',1007),(1190,'Atos Syntel',62,63,63,21,3,'NA ',6.75,'Hyderabad','0','System Engineer','SSC,HSC,BE(IT),BE(CSE),Java Certification','2022-05-27','2022-05-27','5465489655','sam2 sam3',1007),(1191,'Atos Syntel',63,64,64,21,4,'NA ',6.75,'Hyderabad','0','System Engineer','SSC,HSC,BE(IT),BE(CSE),Java Certification','2022-05-27','2022-05-27','5465489655','sam2 sam3',1007),(1192,'Atos Syntel',64,65,65,21,5,'NA ',6.75,'Hyderabad','0','System Engineer','SSC,HSC,BE(IT),BE(CSE),Java Certification','2022-05-27','2022-05-27','5465489655','sam2 sam3',1007),(1193,'Atos Syntel',65,66,66,21,6,'NA ',6.75,'Hyderabad','0','System Engineer','SSC,HSC,BE(IT),BE(CSE),Java Certification','2022-05-27','2022-05-27','5465489655','sam2 sam3',1007),(1194,'Atos Syntel',66,67,67,21,7,'NA ',6.75,'Hyderabad','0','System Engineer','SSC,HSC,BE(IT),BE(CSE),Java Certification','2022-05-27','2022-05-27','5465489655','sam2 sam3',1007),(1195,'Atos Syntel',67,68,68,21,8,'NA ',6.75,'Hyderabad','0','System Engineer','SSC,HSC,BE(IT),BE(CSE),Java Certification','2022-05-27','2022-05-27','5465489655','sam2 sam3',1007),(1196,'Atos Syntel',68,69,69,21,9,'NA ',6.75,'Hyderabad','0','System Engineer','SSC,HSC,BE(IT),BE(CSE),Java Certification','2022-05-27','2022-05-27','5465489655','sam2 sam3',1007),(1197,'Atos Syntel',69,70,70,21,10,'NA ',6.75,'Hyderabad','0','System Engineer','SSC,HSC,BE(IT),BE(CSE),Java Certification','2022-05-27','2022-05-27','5465489655','sam2 sam3',1007),(1198,'Atos Syntel',70,71,71,21,11,'NA ',6.75,'Hyderabad','0','System Engineer','SSC,HSC,BE(IT),BE(CSE),Java Certification','2022-05-27','2022-05-27','5465489655','sam2 sam3',1007),(1199,'Atos Syntel',71,72,72,21,12,'NA ',6.75,'Hyderabad','0','System Engineer','SSC,HSC,BE(IT),BE(CSE),Java Certification','2022-05-27','2022-05-27','5465489655','sam2 sam3',1007),(1200,'Atos Syntel',72,73,73,21,13,'NA ',6.75,'Hyderabad','0','System Engineer','SSC,HSC,BE(IT),BE(CSE),Java Certification','2022-05-27','2022-05-27','5465489655','sam2 sam3',1007),(1201,'Atos Syntel',73,74,74,21,14,'NA ',6.75,'Hyderabad','0','System Engineer','SSC,HSC,BE(IT),BE(CSE),Java Certification','2022-05-27','2022-05-27','5465489655','sam2 sam3',1007),(1202,'Atos Syntel',74,75,75,21,15,'NA ',6.75,'Hyderabad','0','System Engineer','SSC,HSC,BE(IT),BE(CSE),Java Certification','2022-05-27','2022-05-27','5465489655','sam2 sam3',1007),(1203,'Atos Syntel',75,76,76,21,16,'NA ',6.75,'Hyderabad','0','System Engineer','SSC,HSC,BE(IT),BE(CSE),Java Certification','2022-05-27','2022-05-27','5465489655','sam2 sam3',1007),(1204,'Atos Syntel',76,77,77,21,17,'NA ',6.75,'Hyderabad','0','System Engineer','SSC,HSC,BE(IT),BE(CSE),Java Certification','2022-05-27','2022-05-27','5465489655','sam2 sam3',1007),(1205,'Atos Syntel',77,78,78,21,18,'NA ',6.75,'Hyderabad','0','System Engineer','SSC,HSC,BE(IT),BE(CSE),Java Certification','2022-05-27','2022-05-27','5465489655','sam2 sam3',1007),(1206,'Atos Syntel',78,79,79,21,19,'NA ',6.75,'Hyderabad','0','System Engineer','SSC,HSC,BE(IT),BE(CSE),Java Certification','2022-05-27','2022-05-27','5465489655','sam2 sam3',1007),(1207,'Atos Syntel',79,80,80,21,20,'NA ',6.75,'Hyderabad','0','System Engineer','SSC,HSC,BE(IT),BE(CSE),Java Certification','2022-05-27','2022-05-27','5465489655','sam2 sam3',1007),(1208,'Atos Syntel',80,81,81,21,21,'NA ',6.75,'Hyderabad','0','System Engineer','SSC,HSC,BE(IT),BE(CSE),Java Certification','2022-05-27','2022-05-27','5465489655','sam2 sam3',1007),(1209,'Atos Syntel',81,82,82,21,22,'NA ',6.75,'Hyderabad','0','System Engineer','SSC,HSC,BE(IT),BE(CSE),Java Certification','2022-05-27','2022-05-27','5465489655','sam2 sam3',1007),(1210,'Atos Syntel',82,83,83,21,23,'NA ',6.75,'Hyderabad','0','System Engineer','SSC,HSC,BE(IT),BE(CSE),Java Certification','2022-05-27','2022-05-27','5465489655','sam2 sam3',1007),(1211,'Atos Syntel',83,84,84,21,24,'NA ',6.75,'Hyderabad','0','System Engineer','SSC,HSC,BE(IT),BE(CSE),Java Certification','2022-05-27','2022-05-27','5465489655','sam2 sam3',1007),(1212,'Atos Syntel',84,85,85,21,25,'NA ',6.75,'Hyderabad','0','System Engineer','SSC,HSC,BE(IT),BE(CSE),Java Certification','2022-05-27','2022-05-27','5465489655','sam2 sam3',1007),(1213,'Atos Syntel',85,86,86,21,26,'NA ',6.75,'Hyderabad','0','System Engineer','SSC,HSC,BE(IT),BE(CSE),Java Certification','2022-05-27','2022-05-27','5465489655','sam2 sam3',1007),(1214,'Atos Syntel',86,87,87,21,27,'NA ',6.75,'Hyderabad','0','System Engineer','SSC,HSC,BE(IT),BE(CSE),Java Certification','2022-05-27','2022-05-27','5465489655','sam2 sam3',1007),(1215,'Atos Syntel',87,88,88,21,28,'NA ',6.75,'Hyderabad','0','System Engineer','SSC,HSC,BE(IT),BE(CSE),Java Certification','2022-05-27','2022-05-27','5465489655','sam2 sam3',1007),(1216,'Atos Syntel',88,89,89,21,29,'NA ',6.75,'Hyderabad','0','System Engineer','SSC,HSC,BE(IT),BE(CSE),Java Certification','2022-05-27','2022-05-27','5465489655','sam2 sam3',1007),(1217,'Atos Syntel',89,90,90,21,30,'NA ',6.75,'Hyderabad','0','System Engineer','SSC,HSC,BE(IT),BE(CSE),Java Certification','2022-05-27','2022-05-27','5465489655','sam2 sam3',1007),(1218,'Atos Syntel',90,91,91,21,31,'NA ',6.75,'Hyderabad','0','System Engineer','SSC,HSC,BE(IT),BE(CSE),Java Certification','2022-05-27','2022-05-27','5465489655','sam2 sam3',1007),(1219,'Atos Syntel',91,92,92,21,32,'NA ',6.75,'Hyderabad','0','System Engineer','SSC,HSC,BE(IT),BE(CSE),Java Certification','2022-05-27','2022-05-27','5465489655','sam2 sam3',1007),(1220,'Atos Syntel',92,93,93,21,33,'NA ',6.75,'Hyderabad','0','System Engineer','SSC,HSC,BE(IT),BE(CSE),Java Certification','2022-05-27','2022-05-27','5465489655','sam2 sam3',1007),(1221,'Atos Syntel',93,94,94,21,34,'NA ',6.75,'Hyderabad','0','System Engineer','SSC,HSC,BE(IT),BE(CSE),Java Certification','2022-05-27','2022-05-27','5465489655','sam2 sam3',1007),(1222,'Atos Syntel',94,95,95,21,35,'NA ',6.75,'Hyderabad','0','System Engineer','SSC,HSC,BE(IT),BE(CSE),Java Certification','2022-05-27','2022-05-27','5465489655','sam2 sam3',1007),(1223,'Atos Syntel',95,96,96,21,36,'NA ',6.75,'Hyderabad','0','System Engineer','SSC,HSC,BE(IT),BE(CSE),Java Certification','2022-05-27','2022-05-27','5465489655','sam2 sam3',1007),(1224,'Atos Syntel',96,97,97,21,37,'NA ',6.75,'Hyderabad','0','System Engineer','SSC,HSC,BE(IT),BE(CSE),Java Certification','2022-05-27','2022-05-27','5465489655','sam2 sam3',1007),(1225,'Atos Syntel',97,98,98,21,38,'NA ',6.75,'Hyderabad','0','System Engineer','SSC,HSC,BE(IT),BE(CSE),Java Certification','2022-05-27','2022-05-27','5465489655','sam2 sam3',1007),(1226,'Atos Syntel',98,99,99,21,39,'NA ',6.75,'Hyderabad','0','System Engineer','SSC,HSC,BE(IT),BE(CSE),Java Certification','2022-05-27','2022-05-27','5465489655','sam2 sam3',1007),(1227,'Atos Syntel',99,100,100,21,40,'NA ',6.75,'Hyderabad','0','System Engineer','SSC,HSC,BE(IT),BE(CSE),Java Certification','2022-05-27','2022-05-27','5465489655','sam2 sam3',1007),(1228,'IBM',65,66,66,23,1,'NA',4.25,'Bangalore','1','Associate System Engineer','SSC,HSC,BE(IT),BE(CSE)','2022-06-01','2022-06-01','6548898777','abc xyz',1008),(1229,'IBM',66,67,67,22,2,'NA',4.25,'Bangalore','1','Associate System Engineer','SSC,HSC,BE(IT),BE(CSE)','2022-06-01','2022-06-01','6548898777','abc xyz',1008),(1230,'IBM',67,68,68,21,3,'NA',4.25,'Bangalore','1','Associate System Engineer','SSC,HSC,BE(IT),BE(CSE)','2022-06-01','2022-06-01','6548898777','abc xyz',1008),(1231,'IBM',68,69,69,21,4,'NA',4.25,'Bangalore','1','Associate System Engineer','SSC,HSC,BE(IT),BE(CSE)','2022-06-01','2022-06-01','6548898777','abc xyz',1008),(1232,'IBM',69,70,70,21,5,'NA',4.25,'Bangalore','1','Associate System Engineer','SSC,HSC,BE(IT),BE(CSE)','2022-06-01','2022-06-01','6548898777','abc xyz',1008),(1233,'IBM',70,71,71,21,6,'NA',4.25,'Bangalore','1','Associate System Engineer','SSC,HSC,BE(IT),BE(CSE)','2022-06-01','2022-06-01','6548898777','abc xyz',1008),(1234,'IBM',71,72,72,21,7,'NA',4.25,'Bangalore','1','Associate System Engineer','SSC,HSC,BE(IT),BE(CSE)','2022-06-01','2022-06-01','6548898777','abc xyz',1008),(1235,'IBM',72,73,73,21,8,'NA',4.25,'Bangalore','1','Associate System Engineer','SSC,HSC,BE(IT),BE(CSE)','2022-06-01','2022-06-01','6548898777','abc xyz',1008),(1236,'IBM',73,74,74,21,9,'NA',4.25,'Bangalore','1','Associate System Engineer','SSC,HSC,BE(IT),BE(CSE)','2022-06-01','2022-06-01','6548898777','abc xyz',1008),(1237,'IBM',74,75,75,21,10,'NA',4.25,'Bangalore','1','Associate System Engineer','SSC,HSC,BE(IT),BE(CSE)','2022-06-01','2022-06-01','6548898777','abc xyz',1008),(1238,'IBM',75,76,76,21,11,'NA',4.25,'Bangalore','1','Associate System Engineer','SSC,HSC,BE(IT),BE(CSE)','2022-06-01','2022-06-01','6548898777','abc xyz',1008),(1239,'IBM',76,77,77,21,12,'NA',4.25,'Bangalore','1','Associate System Engineer','SSC,HSC,BE(IT),BE(CSE)','2022-06-01','2022-06-01','6548898777','abc xyz',1008),(1240,'IBM',77,78,78,21,13,'NA',4.25,'Bangalore','1','Associate System Engineer','SSC,HSC,BE(IT),BE(CSE)','2022-06-01','2022-06-01','6548898777','abc xyz',1008),(1241,'IBM',78,79,79,21,14,'NA',4.25,'Bangalore','1','Associate System Engineer','SSC,HSC,BE(IT),BE(CSE)','2022-06-01','2022-06-01','6548898777','abc xyz',1008),(1242,'IBM',79,80,80,21,15,'NA',4.25,'Bangalore','1','Associate System Engineer','SSC,HSC,BE(IT),BE(CSE)','2022-06-01','2022-06-01','6548898777','abc xyz',1008),(1243,'IBM',80,81,81,21,16,'NA',4.25,'Bangalore','1','Associate System Engineer','SSC,HSC,BE(IT),BE(CSE)','2022-06-01','2022-06-01','6548898777','abc xyz',1008),(1244,'IBM',81,82,82,21,17,'NA',4.25,'Bangalore','1','Associate System Engineer','SSC,HSC,BE(IT),BE(CSE)','2022-06-01','2022-06-01','6548898777','abc xyz',1008),(1245,'IBM',82,83,83,21,18,'NA',4.25,'Bangalore','1','Associate System Engineer','SSC,HSC,BE(IT),BE(CSE)','2022-06-01','2022-06-01','6548898777','abc xyz',1008),(1246,'IBM',83,84,84,21,19,'NA',4.25,'Bangalore','1','Associate System Engineer','SSC,HSC,BE(IT),BE(CSE)','2022-06-01','2022-06-01','6548898777','abc xyz',1008),(1247,'IBM',84,85,85,21,20,'NA',4.25,'Bangalore','1','Associate System Engineer','SSC,HSC,BE(IT),BE(CSE)','2022-06-01','2022-06-01','6548898777','abc xyz',1008),(1248,'IBM',85,86,86,21,21,'NA',4.25,'Bangalore','1','Associate System Engineer','SSC,HSC,BE(IT),BE(CSE)','2022-06-01','2022-06-01','6548898777','abc xyz',1008),(1249,'IBM',86,87,87,21,22,'NA',4.25,'Bangalore','1','Associate System Engineer','SSC,HSC,BE(IT),BE(CSE)','2022-06-01','2022-06-01','6548898777','abc xyz',1008),(1250,'IBM',87,88,88,21,23,'NA',4.25,'Bangalore','1','Associate System Engineer','SSC,HSC,BE(IT),BE(CSE)','2022-06-01','2022-06-01','6548898777','abc xyz',1008),(1251,'IBM',88,89,89,21,24,'NA',4.25,'Bangalore','1','Associate System Engineer','SSC,HSC,BE(IT),BE(CSE)','2022-06-01','2022-06-01','6548898777','abc xyz',1008),(1252,'IBM',89,90,90,21,25,'NA',4.25,'Bangalore','1','Associate System Engineer','SSC,HSC,BE(IT),BE(CSE)','2022-06-01','2022-06-01','6548898777','abc xyz',1008),(1253,'IBM',90,91,91,21,26,'NA',4.25,'Bangalore','1','Associate System Engineer','SSC,HSC,BE(IT),BE(CSE)','2022-06-01','2022-06-01','6548898777','abc xyz',1008),(1254,'IBM',91,92,92,21,27,'NA',4.25,'Bangalore','1','Associate System Engineer','SSC,HSC,BE(IT),BE(CSE)','2022-06-01','2022-06-01','6548898777','abc xyz',1008),(1255,'IBM',92,93,93,21,28,'NA',4.25,'Bangalore','1','Associate System Engineer','SSC,HSC,BE(IT),BE(CSE)','2022-06-01','2022-06-01','6548898777','abc xyz',1008),(1256,'IBM',93,94,94,21,29,'NA',4.25,'Bangalore','1','Associate System Engineer','SSC,HSC,BE(IT),BE(CSE)','2022-06-01','2022-06-01','6548898777','abc xyz',1008),(1257,'IBM',94,95,95,21,30,'NA',4.25,'Bangalore','1','Associate System Engineer','SSC,HSC,BE(IT),BE(CSE)','2022-06-01','2022-06-01','6548898777','abc xyz',1008),(1258,'IBM',95,96,96,21,31,'NA',4.25,'Bangalore','1','Associate System Engineer','SSC,HSC,BE(IT),BE(CSE)','2022-06-01','2022-06-01','6548898777','abc xyz',1008),(1259,'IBM',96,97,97,21,32,'NA',4.25,'Bangalore','1','Associate System Engineer','SSC,HSC,BE(IT),BE(CSE)','2022-06-01','2022-06-01','6548898777','abc xyz',1008),(1260,'IBM',97,98,98,21,33,'NA',4.25,'Bangalore','1','Associate System Engineer','SSC,HSC,BE(IT),BE(CSE)','2022-06-01','2022-06-01','6548898777','abc xyz',1008),(1261,'IBM',98,99,99,21,34,'NA',4.25,'Bangalore','1','Associate System Engineer','SSC,HSC,BE(IT),BE(CSE)','2022-06-01','2022-06-01','6548898777','abc xyz',1008),(1262,'IBM',99,100,100,21,35,'NA',4.25,'Bangalore','1','Associate System Engineer','SSC,HSC,BE(IT),BE(CSE)','2022-06-01','2022-06-01','6548898777','abc xyz',1008);
/*!40000 ALTER TABLE `jobs1` ENABLE KEYS */;
UNLOCK TABLES;

--
-- Table structure for table `userdetails`
--

DROP TABLE IF EXISTS `userdetails`;
/*!40101 SET @saved_cs_client     = @@character_set_client */;
/*!50503 SET character_set_client = utf8mb4 */;
CREATE TABLE `userdetails` (
  `id` int NOT NULL,
  `userName` varchar(200) DEFAULT NULL,
  `userid` varchar(200) DEFAULT NULL,
  `mobile` varchar(50) DEFAULT NULL,
  `email` varchar(200) DEFAULT NULL,
  `prefcity` varchar(200) DEFAULT NULL,
  `addr` varchar(200) DEFAULT NULL,
  `city` varchar(200) DEFAULT NULL,
  `prevjob` varchar(800) DEFAULT NULL,
  `prevemployer` varchar(500) DEFAULT NULL,
  `prevSalary` double DEFAULT NULL,
  `expSalary` double DEFAULT NULL,
  `bondpref` varchar(200) DEFAULT NULL,
  `dob` varchar(200) DEFAULT NULL,
  `age` double DEFAULT NULL,
  `experience` double DEFAULT NULL,
  `gender` varchar(200) DEFAULT NULL,
  `userResume` varchar(200) DEFAULT NULL,
  PRIMARY KEY (`id`)
) ENGINE=InnoDB DEFAULT CHARSET=utf8mb4 COLLATE=utf8mb4_0900_ai_ci;
/*!40101 SET character_set_client = @saved_cs_client */;

--
-- Dumping data for table `userdetails`
--

LOCK TABLES `userdetails` WRITE;
/*!40000 ALTER TABLE `userdetails` DISABLE KEYS */;
INSERT INTO `userdetails` VALUES (1004,'Himanshu Patil','himanshu','9878765654','himanshu@gmail.com','Nagpur','Sai Nagar Amravati','Amravati','NA','NA',0,2,'Yes','1992-12-12',0,0,'Male','1004.docx'),(1005,'Suresh Joshi','suresh','9876765454','suresh@gmail.com','Nagpur','Raja Peth Amravati','Amravati','Developer','TCS',12.55,3,'No','1987-12-12',0,2,'Male','1005.docx'),(1006,'Santosh','santosh','9878767656','santosh@gmail.com','Nagpur','Raja peth','Amravati','NA','NA',0,0,'yes','1995-11-08',25,0,'Male','1006.docx'),(1007,'shreyas joshi','shreyas','9889876765','spiderprojects1@gmail.com','Chennai','amt','amt','NA',NULL,0,0,'yes','1998-12-12',23,0,'Male','shreyas.jpg'),(1008,'Rahul','rahul','9889876765','rahul@gmail.com','Nagpur','amt','amt','NA',NULL,0,0,'yes','1990-12-12',27,0,'Male','rahul.jpg'),(1009,'Vaibhav Dharmik','vaibhav','9325468803','vaibhav@gmail.com','Bangalore','vallabhnagar','Pulgaon','Assistant System Engineer',NULL,0,0,'yes','2001-03-31',0,0,'Male','vaibhav.pdf');
/*!40000 ALTER TABLE `userdetails` ENABLE KEYS */;
UNLOCK TABLES;

--
-- Table structure for table `users`
--

DROP TABLE IF EXISTS `users`;
/*!40101 SET @saved_cs_client     = @@character_set_client */;
/*!50503 SET character_set_client = utf8mb4 */;
CREATE TABLE `users` (
  `userid` varchar(200) NOT NULL,
  `username` varchar(200) DEFAULT NULL,
  `pass` varchar(200) DEFAULT NULL,
  `loginsts` varchar(200) DEFAULT NULL,
  `utype` varchar(200) DEFAULT NULL,
  PRIMARY KEY (`userid`)
) ENGINE=InnoDB DEFAULT CHARSET=utf8mb4 COLLATE=utf8mb4_0900_ai_ci;
/*!40101 SET character_set_client = @saved_cs_client */;

--
-- Dumping data for table `users`
--

LOCK TABLES `users` WRITE;
/*!40000 ALTER TABLE `users` DISABLE KEYS */;
INSERT INTO `users` VALUES ('admin','Administrator','Admin@123','active','admin'),('himanshu','Himanshu Patil','himanshu@1','active','user'),('rahul','Rahul','test','active','user'),('santosh','Santosh','Santosh@123','active','user'),('shreyas','shreyas joshi','test','active','user'),('suresh','Suresh Joshi','Suresh@123','active','user'),('vaibhav','Vaibhav Dharmik','Vaibhav@123','active','user');
/*!40000 ALTER TABLE `users` ENABLE KEYS */;
UNLOCK TABLES;
/*!40103 SET TIME_ZONE=@OLD_TIME_ZONE */;

/*!40101 SET SQL_MODE=@OLD_SQL_MODE */;
/*!40014 SET FOREIGN_KEY_CHECKS=@OLD_FOREIGN_KEY_CHECKS */;
/*!40014 SET UNIQUE_CHECKS=@OLD_UNIQUE_CHECKS */;
/*!40101 SET CHARACTER_SET_CLIENT=@OLD_CHARACTER_SET_CLIENT */;
/*!40101 SET CHARACTER_SET_RESULTS=@OLD_CHARACTER_SET_RESULTS */;
/*!40101 SET COLLATION_CONNECTION=@OLD_COLLATION_CONNECTION */;
/*!40111 SET SQL_NOTES=@OLD_SQL_NOTES */;

-- Dump completed on 2022-05-31  9:17:18
